{"categorias":[{"nome":"frutas","tentativas":1,"log":"02/05/2016","produtos":[{"produto":"abacate margarida","classificação":"a boca 8 a 10","uni/peso":"kg","menor":"2,55","comun":"2,65","maior":"2,75","quilo":"1"},{"produto":"abacate margarida","classificação":"b boca 11 e 12","uni/peso":"kg","menor":"2,3","comun":"2,4","maior":"2,5","quilo":"1"},{"produto":"abacate fortuna","classificação":"a boca 8 a 10","uni/peso":"kg","menor":"2,55","comun":"2,65","maior":"2,75","quilo":"1"},{"produto":"abacate fortuna","classificação":"b boca 11 e 12","uni/peso":"kg","menor":"2,3","comun":"2,4","maior":"2,5","quilo":"1"},{"produto":"abacate avocado","classificação":"a","uni/peso":"kg","menor":"3,86","comun":"4,42","maior":"4,91","quilo":"1"},{"produto":"abacate quintal","classificação":"a boca 8 a 10","uni/peso":"kg","menor":"2,55","comun":"2,65","maior":"2,75","quilo":"1"},{"produto":"abacate quintal","classificação":"b boca 11 e 12","uni/peso":"kg","menor":"2,3","comun":"2,4","maior":"2,5","quilo":"1"},{"produto":"abacaxi havai","classificação":"a graudo","uni/peso":"und","menor":"3,76","comun":"3,88","maior":"4","quilo":"2,2"},{"produto":"abacaxi havai","classificação":"b medio","uni/peso":"und","menor":"3,41","comun":"3,53","maior":"3,64","quilo":"1,8"},{"produto":"abacaxi havai","classificação":"c miudo","uni/peso":"und","menor":"3,05","comun":"3,17","maior":"3,29","quilo":"1,4"},{"produto":"abacaxi perola","classificação":"a graudo","uni/peso":"und","menor":"4,49","comun":"4,75","maior":"5,01","quilo":"1,8"},{"produto":"abacaxi perola","classificação":"b medio","uni/peso":"und","menor":"3,85","comun":"4,1","maior":"4,34","quilo":"1,4"},{"produto":"abacaxi perola","classificação":"c miudo","uni/peso":"und","menor":"3,28","comun":"3,5","maior":"3,7","quilo":"1"},{"produto":"acerola fresca","classificação":"-","uni/peso":"kg","menor":"9,54","comun":"10,54","maior":"11,62","quilo":"1"},{"produto":"atemoia","classificação":"8/10 frutos","uni/peso":"kg","menor":"5,43","comun":"6,19","maior":"6,72","quilo":"1"},{"produto":"atemoia","classificação":"12 frutos","uni/peso":"kg","menor":"4,25","comun":"4,84","maior":"5,3","quilo":"1"},{"produto":"atemoia","classificação":"15 frutos","uni/peso":"kg","menor":"3,02","comun":"3,64","maior":"4,11","quilo":"1"},{"produto":"ameixa estrang. argentina","classificação":"-","uni/peso":"kg","menor":"6,05","comun":"6,95","maior":"7,99","quilo":"1"},{"produto":"banana terra","classificação":"-","uni/peso":"kg","menor":"2,65","comun":"2,99","maior":"3,22","quilo":"1"},{"produto":"banana maca","classificação":"-","uni/peso":"kg","menor":"2,95","comun":"3,42","maior":"3,94","quilo":"1"},{"produto":"banana ouro","classificação":"-","uni/peso":"kg","menor":"2,37","comun":"2,67","maior":"2,92","quilo":"1"},{"produto":"banana prata mg","classificação":"-","uni/peso":"kg","menor":"2,98","comun":"3,2","maior":"3,45","quilo":"1"},{"produto":"banana prata sp","classificação":"-","uni/peso":"kg","menor":"2,85","comun":"3,05","maior":"3,21","quilo":"1"},{"produto":"banana nanica climat.","classificação":"-","uni/peso":"kg","menor":"1,39","comun":"1,55","maior":"1,73","quilo":"1"},{"produto":"caju","classificação":"a","uni/peso":"kg","menor":"13,17","comun":"14,3","maior":"15,47","quilo":"1"},{"produto":"caju","classificação":"b","uni/peso":"kg","menor":"11,04","comun":"12,04","maior":"13,04","quilo":"1"},{"produto":"caqui fuyu","classificação":"a","uni/peso":"kg","menor":"7,45","comun":"8,05","maior":"8,65","quilo":"1"},{"produto":"caqui fuyu","classificação":"b","uni/peso":"kg","menor":"6,25","comun":"6,86","maior":"7,45","quilo":"1"},{"produto":"caqui fuyu","classificação":"c","uni/peso":"kg","menor":"4,7","comun":"5,47","maior":"6,25","quilo":"1"},{"produto":"caqui rama forte","classificação":"a","uni/peso":"kg","menor":"3,62","comun":"3,91","maior":"4,19","quilo":"1"},{"produto":"caqui rama forte","classificação":"b","uni/peso":"kg","menor":"2,96","comun":"3,23","maior":"3,5","quilo":"1"},{"produto":"caqui rama forte","classificação":"c","uni/peso":"kg","menor":"2,38","comun":"2,61","maior":"2,82","quilo":"1"},{"produto":"caqui giombo","classificação":"a","uni/peso":"kg","menor":"4,65","comun":"5,04","maior":"5,44","quilo":"1"},{"produto":"caqui giombo","classificação":"b","uni/peso":"kg","menor":"3,81","comun":"4,17","maior":"4,53","quilo":"1"},{"produto":"caqui giombo","classificação":"c","uni/peso":"kg","menor":"2,96","comun":"3,34","maior":"3,69","quilo":"1"},{"produto":"carambola","classificação":"-","uni/peso":"kg","menor":"5,56","comun":"6,76","maior":"7,95","quilo":"1"},{"produto":"coco verde","classificação":"-","uni/peso":"und","menor":"1,84","comun":"1,94","maior":"2","quilo":"2,5"},{"produto":"figo","classificação":"a","uni/peso":"kg","menor":"13,44","comun":"14,5","maior":"15,46","quilo":"1"},{"produto":"figo","classificação":"b","uni/peso":"kg","menor":"10,62","comun":"11,62","maior":"12,62","quilo":"1"},{"produto":"fruta do conde","classificação":"9/10 frutos","uni/peso":"kg","menor":"9,82","comun":"10,79","maior":"12,12","quilo":"1"},{"produto":"fruta do conde","classificação":"12 frutos","uni/peso":"kg","menor":"7,89","comun":"8,86","maior":"9,82","quilo":"1"},{"produto":"fruta do conde","classificação":"15 frutos","uni/peso":"kg","menor":"5,97","comun":"6,93","maior":"7,89","quilo":"1"},{"produto":"fruta do conde","classificação":"18 frutos","uni/peso":"kg","menor":"4,04","comun":"5","maior":"5,97","quilo":"1"},{"produto":"goiaba vermelha","classificação":"9 frutos","uni/peso":"kg","menor":"4,49","comun":"5,38","maior":"6,31","quilo":"1"},{"produto":"goiaba vermelha","classificação":"12 frutos","uni/peso":"kg","menor":"4,49","comun":"5,38","maior":"6,31","quilo":"1"},{"produto":"goiaba vermelha","classificação":"15 frutos","uni/peso":"kg","menor":"4","comun":"4,83","maior":"5,73","quilo":"1"},{"produto":"goiaba vermelha","classificação":"18 frutos","uni/peso":"kg","menor":"2,99","comun":"3,6","maior":"4,21","quilo":"1"},{"produto":"goiaba branca","classificação":"9 frutos","uni/peso":"kg","menor":"3,48","comun":"4,35","maior":"5,23","quilo":"1"},{"produto":"goiaba branca","classificação":"12 frutos","uni/peso":"kg","menor":"3,48","comun":"4,35","maior":"5,23","quilo":"1"},{"produto":"goiaba branca","classificação":"15 frutos","uni/peso":"kg","menor":"3,48","comun":"4,35","maior":"5,23","quilo":"1"},{"produto":"goiaba branca","classificação":"18 frutos","uni/peso":"kg","menor":"2,12","comun":"2,8","maior":"3,48","quilo":"1"},{"produto":"graviola","classificação":"-","uni/peso":"kg","menor":"5,54","comun":"6,54","maior":"7,93","quilo":"1"},{"produto":"jaca","classificação":"-","uni/peso":"kg","menor":"1,8","comun":"1,9","maior":"2","quilo":"1"},{"produto":"kiwi estrang. italiano","classificação":"-","uni/peso":"kg","menor":"4,72","comun":"5,12","maior":"5,46","quilo":"1"},{"produto":"laranja baia","classificação":"a (7/10 dz)","uni/peso":"kg","menor":"2,01","comun":"2,11","maior":"2,21","quilo":"1"},{"produto":"laranja baia","classificação":"b (11/13 dz)","uni/peso":"kg","menor":"1,82","comun":"1,92","maior":"2,02","quilo":"1"},{"produto":"laranja baia","classificação":"c (14/15 dz)","uni/peso":"kg","menor":"1,52","comun":"1,62","maior":"1,72","quilo":"1"},{"produto":"laranja lima","classificação":"a (9/12 dz)","uni/peso":"kg","menor":"1,81","comun":"1,91","maior":"1,95","quilo":"1"},{"produto":"laranja lima","classificação":"b (13/15 dz)","uni/peso":"kg","menor":"1,65","comun":"1,75","maior":"1,81","quilo":"1"},{"produto":"laranja lima","classificação":"c (16/21 dz)","uni/peso":"kg","menor":"1,47","comun":"1,57","maior":"1,61","quilo":"1"},{"produto":"laranja pera","classificação":"a (9/12 dz)","uni/peso":"kg","menor":"1,63","comun":"1,73","maior":"1,77","quilo":"1"},{"produto":"laranja pera","classificação":"b (13/15 dz)","uni/peso":"kg","menor":"1,49","comun":"1,59","maior":"1,63","quilo":"1"},{"produto":"laranja pera","classificação":"c (16/21 dz)","uni/peso":"kg","menor":"1,35","comun":"1,45","maior":"1,49","quilo":"1"},{"produto":"laranja seleta","classificação":"a (8/10 dz)","uni/peso":"kg","menor":"1,49","comun":"1,49","maior":"1,59","quilo":"1"},{"produto":"laranja seleta","classificação":"b (11/13 dz)","uni/peso":"kg","menor":"1,39","comun":"1,39","maior":"1,49","quilo":"1"},{"produto":"laranja seleta","classificação":"c (18/21 dz)","uni/peso":"kg","menor":"1,29","comun":"1,29","maior":"1,39","quilo":"1"},{"produto":"lima persia","classificação":"a (9/10 dz)","uni/peso":"kg","menor":"3,87","comun":"4,03","maior":"4,2","quilo":"1"},{"produto":"lima persia","classificação":"b (13/15 dz)","uni/peso":"kg","menor":"3,35","comun":"3,51","maior":"3,67","quilo":"1"},{"produto":"lima persia","classificação":"c (18/24 dz)","uni/peso":"kg","menor":"2,83","comun":"2,99","maior":"3,15","quilo":"1"},{"produto":"limao taiti","classificação":"a (15/18 dz)","uni/peso":"kg","menor":"5,44","comun":"5,54","maior":"5,64","quilo":"1"},{"produto":"limao taiti","classificação":"b (21/27 dz)","uni/peso":"kg","menor":"5,12","comun":"5,24","maior":"5,34","quilo":"1"},{"produto":"limao taiti","classificação":"c (+ de 31 dz)","uni/peso":"kg","menor":"4,82","comun":"4,92","maior":"5,02","quilo":"1"},{"produto":"maca estrang. red del","classificação":"80-163 frutos","uni/peso":"kg","menor":"5,53","comun":"6,1","maior":"6,82","quilo":"1"},{"produto":"maca estrang. granny smith","classificação":"80-162 frutos","uni/peso":"kg","menor":"4,82","comun":"5,31","maior":"5,74","quilo":"1"},{"produto":"maca nacional fuji","classificação":"80-150 frutos","uni/peso":"kg","menor":"5,74","comun":"6,01","maior":"6,32","quilo":"1"},{"produto":"maca nacional fuji","classificação":"163-180 frutos","uni/peso":"kg","menor":"5,14","comun":"5,45","maior":"5,74","quilo":"1"},{"produto":"maca nacional gala","classificação":"80-150 frutos","uni/peso":"kg","menor":"5,54","comun":"5,83","maior":"6,08","quilo":"1"},{"produto":"maca nacional gala","classificação":"163-180 frutos","uni/peso":"kg","menor":"4,94","comun":"5,3","maior":"5,58","quilo":"1"},{"produto":"mamao formosa","classificação":"a","uni/peso":"kg","menor":"4,85","comun":"5,15","maior":"5,46","quilo":"1"},{"produto":"mamao formosa","classificação":"b","uni/peso":"kg","menor":"3,5","comun":"3,8","maior":"4,1","quilo":"1"},{"produto":"mamao havai","classificação":"12 frutos","uni/peso":"kg","menor":"8,94","comun":"9,44","maior":"9,94","quilo":"1"},{"produto":"mamao havai","classificação":"15 frutos","uni/peso":"kg","menor":"9,45","comun":"10,06","maior":"10,67","quilo":"1"},{"produto":"mamao havai","classificação":"18 frutos","uni/peso":"kg","menor":"9,14","comun":"9,68","maior":"10,22","quilo":"1"},{"produto":"mamao havai","classificação":"21 frutos","uni/peso":"kg","menor":"7,47","comun":"8,05","maior":"8,59","quilo":"1"},{"produto":"mamao havai","classificação":"24/28 frutos","uni/peso":"kg","menor":"5,85","comun":"6,35","maior":"6,89","quilo":"1"},{"produto":"manga hadem","classificação":"9 frutos","uni/peso":"kg","menor":"6","comun":"7","maior":"8,35","quilo":"1"},{"produto":"manga hadem","classificação":"12 frutos","uni/peso":"kg","menor":"6","comun":"7","maior":"8,35","quilo":"1"},{"produto":"manga hadem","classificação":"15 frutos","uni/peso":"kg","menor":"4","comun":"5","maior":"6","quilo":"1"},{"produto":"manga hadem","classificação":"18 frutos","uni/peso":"kg","menor":"2","comun":"3","maior":"4","quilo":"1"},{"produto":"manga palmer","classificação":"9 frutos","uni/peso":"kg","menor":"4,99","comun":"5,36","maior":"5,73","quilo":"1"},{"produto":"manga palmer","classificação":"12 frutos","uni/peso":"kg","menor":"4,98","comun":"5,35","maior":"5,66","quilo":"1"},{"produto":"manga palmer","classificação":"15 frutos","uni/peso":"kg","menor":"4,18","comun":"4,57","maior":"4,97","quilo":"1"},{"produto":"manga palmer","classificação":"18 frutos","uni/peso":"kg","menor":"3,63","comun":"3,9","maior":"4,17","quilo":"1"},{"produto":"manga tommy atkins","classificação":"12 frutos","uni/peso":"kg","menor":"4,97","comun":"5,39","maior":"5,83","quilo":"1"},{"produto":"manga tommy atkins","classificação":"15 frutos","uni/peso":"kg","menor":"4,3","comun":"4,6","maior":"4,87","quilo":"1"},{"produto":"manga tommy atkins","classificação":"18 frutos","uni/peso":"kg","menor":"3,34","comun":"3,75","maior":"4,2","quilo":"1"},{"produto":"maracuja azedo","classificação":"a","uni/peso":"kg","menor":"6,25","comun":"6,59","maior":"6,95","quilo":"1"},{"produto":"maracuja azedo","classificação":"b","uni/peso":"kg","menor":"5,33","comun":"5,7","maior":"6,05","quilo":"1"},{"produto":"maracuja azedo","classificação":"c","uni/peso":"kg","menor":"4,43","comun":"4,8","maior":"5,15","quilo":"1"},{"produto":"maracuja doce","classificação":"8 frutos","uni/peso":"kg","menor":"6,29","comun":"6,72","maior":"7,15","quilo":"1"},{"produto":"maracuja doce","classificação":"10 frutos","uni/peso":"kg","menor":"6,29","comun":"6,72","maior":"7,15","quilo":"1"},{"produto":"maracuja doce","classificação":"12 frutos","uni/peso":"kg","menor":"4,84","comun":"5,27","maior":"5,7","quilo":"1"},{"produto":"maracuja doce","classificação":"15 frutos","uni/peso":"kg","menor":"3,57","comun":"3,9","maior":"4,24","quilo":"1"},{"produto":"melancia redon/comprida","classificação":"grauda maior 10","uni/peso":"kg","menor":"1,52","comun":"1,62","maior":"1,72","quilo":"1"},{"produto":"melancia redon/comprida","classificação":"media de 7 a 10","uni/peso":"kg","menor":"1,32","comun":"1,42","maior":"1,52","quilo":"1"},{"produto":"melancia redon/comprida","classificação":"miuda menor 7 k","uni/peso":"kg","menor":"1,13","comun":"1,23","maior":"1,32","quilo":"1"},{"produto":"melao amarelo","classificação":"6/7 frutos","uni/peso":"kg","menor":"2,81","comun":"2,91","maior":"3,01","quilo":"1"},{"produto":"melao amarelo","classificação":"8/9 frutos","uni/peso":"kg","menor":"2,81","comun":"2,91","maior":"3,01","quilo":"1"},{"produto":"melao amarelo","classificação":"10/11 frutos","uni/peso":"kg","menor":"2,6","comun":"2,7","maior":"2,8","quilo":"1"},{"produto":"melao amarelo","classificação":"12/14 frutos","uni/peso":"kg","menor":"2,28","comun":"2,4","maior":"2,52","quilo":"1"},{"produto":"mexerica rio","classificação":"a","uni/peso":"kg","menor":"3,92","comun":"4,07","maior":"4,21","quilo":"1"},{"produto":"mexerica rio","classificação":"b","uni/peso":"kg","menor":"3,48","comun":"3,62","maior":"3,77","quilo":"1"},{"produto":"mexerica rio","classificação":"c","uni/peso":"kg","menor":"3,04","comun":"3,18","maior":"3,32","quilo":"1"},{"produto":"morango comum","classificação":"-","uni/peso":"kg","menor":"15,98","comun":"18,35","maior":"20,44","quilo":"1"},{"produto":"morango caminho real","classificação":"-","uni/peso":"kg","menor":"30","comun":"35","maior":"40","quilo":"1"},{"produto":"pera estrang. danjou","classificação":"-","uni/peso":"kg","menor":"5,49","comun":"5,8","maior":"6,19","quilo":"1"},{"produto":"pera estrang. pack-s triumph","classificação":"-","uni/peso":"kg","menor":"5","comun":"5,35","maior":"5,55","quilo":"1"},{"produto":"pera estrang. william-s","classificação":"-","uni/peso":"kg","menor":"5,33","comun":"5,8","maior":"6,26","quilo":"1"},{"produto":"pera estrang. rocha","classificação":"-","uni/peso":"kg","menor":"4,57","comun":"5,89","maior":"7,21","quilo":"1"},{"produto":"quincam","classificação":"-","uni/peso":"kg","menor":"9","comun":"10","maior":"11","quilo":"1"},{"produto":"roma","classificação":"-","uni/peso":"kg","menor":"12","comun":"14","maior":"16,65","quilo":"1"},{"produto":"tangerina cravo","classificação":"a (10/12 dz)","uni/peso":"kg","menor":"2,77","comun":"2,89","maior":"3","quilo":"1"},{"produto":"tangerina cravo","classificação":"b (13/15 dz)","uni/peso":"kg","menor":"2,46","comun":"2,57","maior":"2,69","quilo":"1"},{"produto":"tangerina cravo","classificação":"c (18/21 dz)","uni/peso":"kg","menor":"2,14","comun":"2,26","maior":"2,37","quilo":"1"},{"produto":"tangerina poncam","classificação":"a (8/10 dz)","uni/peso":"kg","menor":"2,74","comun":"2,85","maior":"2,96","quilo":"1"},{"produto":"tangerina poncam","classificação":"b (11/12 dz)","uni/peso":"kg","menor":"2,37","comun":"2,48","maior":"2,6","quilo":"1"},{"produto":"tangerina poncam","classificação":"c (13/15 dz)","uni/peso":"kg","menor":"2,01","comun":"2,12","maior":"2,23","quilo":"1"},{"produto":"uva niagara","classificação":"extra a","uni/peso":"kg","menor":"7,34","comun":"8,19","maior":"8,76","quilo":"1"},{"produto":"uva niagara","classificação":"extra","uni/peso":"kg","menor":"5,66","comun":"6,5","maior":"7,07","quilo":"1"},{"produto":"uva niagara","classificação":"especial","uni/peso":"kg","menor":"3,97","comun":"4,81","maior":"5,38","quilo":"1"},{"produto":"uva italia","classificação":"extra a","uni/peso":"kg","menor":"8,15","comun":"8,64","maior":"9,08","quilo":"1"},{"produto":"uva italia","classificação":"extra","uni/peso":"kg","menor":"6,84","comun":"7,5","maior":"8,05","quilo":"1"},{"produto":"uva italia","classificação":"especial","uni/peso":"kg","menor":"5,5","comun":"6,17","maior":"6,73","quilo":"1"},{"produto":"uva brasil","classificação":"extra a","uni/peso":"kg","menor":"6,73","comun":"7,73","maior":"8,47","quilo":"1"},{"produto":"uva brasil","classificação":"extra","uni/peso":"kg","menor":"4,71","comun":"5,71","maior":"6,43","quilo":"1"},{"produto":"uva brasil","classificação":"especial","uni/peso":"kg","menor":"2,73","comun":"3,73","maior":"4,47","quilo":"1"},{"produto":"uva rubi","classificação":"extra a","uni/peso":"kg","menor":"6,68","comun":"7,68","maior":"8,38","quilo":"1"},{"produto":"uva rubi","classificação":"extra","uni/peso":"kg","menor":"4,68","comun":"5,68","maior":"6,36","quilo":"1"},{"produto":"uva rubi","classificação":"especial","uni/peso":"kg","menor":"2,68","comun":"3,68","maior":"4,36","quilo":"1"},{"produto":"uva benitaka","classificação":"-","uni/peso":"kg","menor":"6,6","comun":"7,6","maior":"8,68","quilo":"1"},{"produto":"uva thompson","classificação":"-","uni/peso":"kg","menor":"10","comun":"11","maior":"12","quilo":"1"},{"produto":"uva crinsson","classificação":"-","uni/peso":"kg","menor":"8,68","comun":"9,49","maior":"10,3","quilo":"1"},{"produto":"uva estrang. thompson","classificação":"-","uni/peso":"kg","menor":"9","comun":"10","maior":"11,25","quilo":"1"},{"produto":"uva estrang. red globe","classificação":"-","uni/peso":"kg","menor":"7,87","comun":"8,63","maior":"9,61","quilo":"1"}]},{"nome":"legumes","tentativas":1,"log":"02/05/2016","produtos":[{"produto":"abobora japonesa","classificação":"-","uni/peso":"kg","menor":"2,08","comun":"2,41","maior":"2,53","quilo":"1"},{"produto":"abobora seca","classificação":"-","uni/peso":"kg","menor":"2,24","comun":"2,56","maior":"2,8","quilo":"1"},{"produto":"abobora moranga","classificação":"-","uni/peso":"kg","menor":"1,55","comun":"1,77","maior":"2","quilo":"1"},{"produto":"abobora paulista","classificação":"-","uni/peso":"kg","menor":"1,75","comun":"2","maior":"2,18","quilo":"1"},{"produto":"abobrinha brasileira","classificação":"extra aa","uni/peso":"kg","menor":"3,15","comun":"3,38","maior":"3,6","quilo":"1"},{"produto":"abobrinha brasileira","classificação":"extra a","uni/peso":"kg","menor":"2,6","comun":"2,85","maior":"3,11","quilo":"1"},{"produto":"abobrinha brasileira","classificação":"extra","uni/peso":"kg","menor":"1,91","comun":"2,22","maior":"2,54","quilo":"1"},{"produto":"abobrinha italiana","classificação":"extra aa","uni/peso":"kg","menor":"3,64","comun":"3,85","maior":"4,14","quilo":"1"},{"produto":"abobrinha italiana","classificação":"extra a","uni/peso":"kg","menor":"3,06","comun":"3,28","maior":"3,62","quilo":"1"},{"produto":"abobrinha italiana","classificação":"extra","uni/peso":"kg","menor":"2,37","comun":"2,65","maior":"2,97","quilo":"1"},{"produto":"batata doce amarela","classificação":"extra aa","uni/peso":"kg","menor":"2,97","comun":"3,14","maior":"3,3","quilo":"1"},{"produto":"batata doce amarela","classificação":"extra a","uni/peso":"kg","menor":"2,47","comun":"2,64","maior":"2,8","quilo":"1"},{"produto":"batata doce amarela","classificação":"extra","uni/peso":"kg","menor":"1,95","comun":"2,12","maior":"2,28","quilo":"1"},{"produto":"batata doce rosada","classificação":"extra aa","uni/peso":"kg","menor":"2,53","comun":"2,66","maior":"2,78","quilo":"1"},{"produto":"batata doce rosada","classificação":"extra a","uni/peso":"kg","menor":"2,14","comun":"2,27","maior":"2,4","quilo":"1"},{"produto":"batata doce rosada","classificação":"extra","uni/peso":"kg","menor":"1,7","comun":"1,84","maior":"1,96","quilo":"1"},{"produto":"berinjela conserva","classificação":"extra","uni/peso":"kg","menor":"5","comun":"5,5","maior":"6","quilo":"1"},{"produto":"berinjela conserva","classificação":"especial","uni/peso":"kg","menor":"4","comun":"4,5","maior":"5","quilo":"1"},{"produto":"berinjela conserva","classificação":"primeira","uni/peso":"kg","menor":"3","comun":"3,5","maior":"4","quilo":"1"},{"produto":"berinjela japonesa","classificação":"extra","uni/peso":"kg","menor":"4","comun":"4,36","maior":"4,77","quilo":"1"},{"produto":"berinjela japonesa","classificação":"especial","uni/peso":"kg","menor":"3","comun":"3,5","maior":"4","quilo":"1"},{"produto":"berinjela japonesa","classificação":"primeira","uni/peso":"kg","menor":"2","comun":"2,5","maior":"3","quilo":"1"},{"produto":"berinjela","classificação":"extra aa","uni/peso":"kg","menor":"3,18","comun":"3,39","maior":"3,6","quilo":"1"},{"produto":"berinjela","classificação":"extra a","uni/peso":"kg","menor":"2,62","comun":"2,85","maior":"3,1","quilo":"1"},{"produto":"berinjela","classificação":"extra","uni/peso":"kg","menor":"2,05","comun":"2,3","maior":"2,49","quilo":"1"},{"produto":"beterraba","classificação":"extra aa","uni/peso":"kg","menor":"2,94","comun":"3,12","maior":"3,29","quilo":"1"},{"produto":"beterraba","classificação":"extra a","uni/peso":"kg","menor":"2,47","comun":"2,66","maior":"2,84","quilo":"1"},{"produto":"beterraba","classificação":"extra","uni/peso":"kg","menor":"1,92","comun":"2,12","maior":"2,32","quilo":"1"},{"produto":"cara","classificação":"extra a","uni/peso":"kg","menor":"2,39","comun":"2,57","maior":"2,76","quilo":"1"},{"produto":"cara","classificação":"extra","uni/peso":"kg","menor":"1,94","comun":"2,14","maior":"2,32","quilo":"1"},{"produto":"cenoura","classificação":"extra aa","uni/peso":"kg","menor":"3,01","comun":"3,25","maior":"3,45","quilo":"1"},{"produto":"cenoura","classificação":"extra a","uni/peso":"kg","menor":"2,55","comun":"2,72","maior":"2,93","quilo":"1"},{"produto":"cenoura","classificação":"extra","uni/peso":"kg","menor":"1,9","comun":"2,17","maior":"2,43","quilo":"1"},{"produto":"chuchu","classificação":"extra aa","uni/peso":"kg","menor":"4,12","comun":"4,36","maior":"4,59","quilo":"1"},{"produto":"chuchu","classificação":"extra a","uni/peso":"kg","menor":"3,5","comun":"3,76","maior":"3,99","quilo":"1"},{"produto":"chuchu","classificação":"extra","uni/peso":"kg","menor":"2,83","comun":"3,07","maior":"3,31","quilo":"1"},{"produto":"cogumelo (250 gramas)","classificação":"-","uni/peso":"pct","menor":"4,85","comun":"5,39","maior":"5,94","quilo":"0,25"},{"produto":"ervilha torta","classificação":"extra aa","uni/peso":"kg","menor":"22,34","comun":"23,74","maior":"25,33","quilo":"1"},{"produto":"ervilha torta","classificação":"extra a","uni/peso":"kg","menor":"18,26","comun":"20,06","maior":"21,47","quilo":"1"},{"produto":"ervilha torta","classificação":"extra","uni/peso":"kg","menor":"13,44","comun":"15,79","maior":"18,04","quilo":"1"},{"produto":"tomate sweet grape","classificação":"extra aa","uni/peso":"kg","menor":"6,11","comun":"7,09","maior":"7,81","quilo":"1"},{"produto":"feijao corado","classificação":"extra","uni/peso":"kg","menor":"8","comun":"9","maior":"10","quilo":"1"},{"produto":"feijao corado","classificação":"especial","uni/peso":"kg","menor":"6","comun":"7","maior":"8","quilo":"1"},{"produto":"gengibre","classificação":"-","uni/peso":"kg","menor":"3,13","comun":"3,64","maior":"4,23","quilo":"1"},{"produto":"inhame","classificação":"extra a","uni/peso":"kg","menor":"2,6","comun":"2,76","maior":"2,93","quilo":"1"},{"produto":"inhame","classificação":"extra","uni/peso":"kg","menor":"2,14","comun":"2,35","maior":"2,53","quilo":"1"},{"produto":"inhame","classificação":"especial","uni/peso":"kg","menor":"1,61","comun":"1,8","maior":"1,99","quilo":"1"},{"produto":"jilo redondo","classificação":"extra aa","uni/peso":"kg","menor":"3,14","comun":"3,39","maior":"3,64","quilo":"1"},{"produto":"jilo redondo","classificação":"extra a","uni/peso":"kg","menor":"2,53","comun":"2,78","maior":"3,01","quilo":"1"},{"produto":"jilo redondo","classificação":"extra","uni/peso":"kg","menor":"1,88","comun":"2,15","maior":"2,43","quilo":"1"},{"produto":"mandioca","classificação":"grauda","uni/peso":"kg","menor":"1,15","comun":"1,24","maior":"1,25","quilo":"1"},{"produto":"mandioca","classificação":"media","uni/peso":"kg","menor":"0,95","comun":"1,04","maior":"1,05","quilo":"1"},{"produto":"mandioca","classificação":"miuda","uni/peso":"kg","menor":"0,75","comun":"0,84","maior":"0,85","quilo":"1"},{"produto":"mandioquinha","classificação":"extra aaa","uni/peso":"kg","menor":"6,48","comun":"6,86","maior":"7,16","quilo":"1"},{"produto":"mandioquinha","classificação":"extra aa","uni/peso":"kg","menor":"5,35","comun":"5,7","maior":"6,03","quilo":"1"},{"produto":"mandioquinha","classificação":"extra a","uni/peso":"kg","menor":"4,37","comun":"4,75","maior":"5,08","quilo":"1"},{"produto":"maxixe","classificação":"-","uni/peso":"kg","menor":"3,11","comun":"3,65","maior":"4,05","quilo":"1"},{"produto":"pepino caipira","classificação":"extra aa","uni/peso":"kg","menor":"2,25","comun":"2,47","maior":"2,62","quilo":"1"},{"produto":"pepino caipira","classificação":"extra a","uni/peso":"kg","menor":"1,97","comun":"2,1","maior":"2,25","quilo":"1"},{"produto":"pepino caipira","classificação":"extra","uni/peso":"kg","menor":"1,59","comun":"1,75","maior":"1,96","quilo":"1"},{"produto":"pepino comum","classificação":"extra aa","uni/peso":"kg","menor":"2,1","comun":"2,22","maior":"2,38","quilo":"1"},{"produto":"pepino comum","classificação":"extra a","uni/peso":"kg","menor":"1,86","comun":"1,97","maior":"2,08","quilo":"1"},{"produto":"pepino comum","classificação":"extra","uni/peso":"kg","menor":"1,41","comun":"1,52","maior":"1,63","quilo":"1"},{"produto":"pepino japones","classificação":"extra aa","uni/peso":"kg","menor":"3,54","comun":"3,75","maior":"3,93","quilo":"1"},{"produto":"pepino japones","classificação":"extra a","uni/peso":"kg","menor":"3,08","comun":"3,28","maior":"3,45","quilo":"1"},{"produto":"pepino japones","classificação":"extra","uni/peso":"kg","menor":"2,41","comun":"2,67","maior":"2,93","quilo":"1"},{"produto":"pimenta * vermelha","classificação":"extra aa","uni/peso":"kg","menor":"7,68","comun":"8,52","maior":"9,36","quilo":"1"},{"produto":"pimenta * vermelha","classificação":"extra a","uni/peso":"kg","menor":"5,49","comun":"6,49","maior":"7,49","quilo":"1"},{"produto":"pimenta cambuci","classificação":"extra aa","uni/peso":"kg","menor":"3,88","comun":"4,38","maior":"4,88","quilo":"1"},{"produto":"pimenta cambuci","classificação":"extra a","uni/peso":"kg","menor":"2,67","comun":"3,17","maior":"3,67","quilo":"1"},{"produto":"pimenta verde americana","classificação":"extra aa","uni/peso":"kg","menor":"4,24","comun":"4,61","maior":"4,98","quilo":"1"},{"produto":"pimenta verde americana","classificação":"extra a","uni/peso":"kg","menor":"3,43","comun":"3,8","maior":"4,17","quilo":"1"},{"produto":"pimenta verde americana","classificação":"extra","uni/peso":"kg","menor":"2,79","comun":"3,1","maior":"3,36","quilo":"1"},{"produto":"pimentao verde","classificação":"extra aa","uni/peso":"kg","menor":"2,67","comun":"2,91","maior":"3,16","quilo":"1"},{"produto":"pimentao verde","classificação":"extra a","uni/peso":"kg","menor":"2,14","comun":"2,39","maior":"2,57","quilo":"1"},{"produto":"pimentao verde","classificação":"extra","uni/peso":"kg","menor":"1,64","comun":"1,86","maior":"2,07","quilo":"1"},{"produto":"pimentao vermelho","classificação":"extra aa","uni/peso":"kg","menor":"4,69","comun":"5,08","maior":"5,42","quilo":"1"},{"produto":"pimentao vermelho","classificação":"extra a","uni/peso":"kg","menor":"3,69","comun":"4,06","maior":"4,38","quilo":"1"},{"produto":"pimentao vermelho","classificação":"extra","uni/peso":"kg","menor":"2,95","comun":"3,26","maior":"3,47","quilo":"1"},{"produto":"pimentao amarelo","classificação":"extra aa","uni/peso":"kg","menor":"3,89","comun":"5,31","maior":"6,73","quilo":"1"},{"produto":"quiabo liso","classificação":"extra aa","uni/peso":"kg","menor":"7,21","comun":"7,61","maior":"8,25","quilo":"1"},{"produto":"quiabo liso","classificação":"extra a","uni/peso":"kg","menor":"5,94","comun":"6,33","maior":"6,69","quilo":"1"},{"produto":"quiabo liso","classificação":"extra","uni/peso":"kg","menor":"4,66","comun":"5,06","maior":"5,4","quilo":"1"},{"produto":"tomate maduro","classificação":"extra aa","uni/peso":"kg","menor":"3,19","comun":"3,42","maior":"3,6","quilo":"1"},{"produto":"tomate maduro","classificação":"extra a","uni/peso":"kg","menor":"2,62","comun":"2,88","maior":"3,17","quilo":"1"},{"produto":"tomate maduro","classificação":"extra","uni/peso":"kg","menor":"1,9","comun":"2,22","maior":"2,54","quilo":"1"},{"produto":"tomate salada","classificação":"extra aa","uni/peso":"kg","menor":"3,2","comun":"3,44","maior":"3,62","quilo":"1"},{"produto":"tomate salada","classificação":"extra a","uni/peso":"kg","menor":"2,63","comun":"2,9","maior":"3,15","quilo":"1"},{"produto":"tomate salada","classificação":"extra","uni/peso":"kg","menor":"1,94","comun":"2,28","maior":"2,53","quilo":"1"},{"produto":"tomate caqui","classificação":"extra aa","uni/peso":"kg","menor":"3,67","comun":"4,8","maior":"5,96","quilo":"1"},{"produto":"tomate cereja","classificação":"extra aa","uni/peso":"kg","menor":"4,78","comun":"5,55","maior":"6,39","quilo":"1"},{"produto":"vagem macarrao curta","classificação":"extra aa","uni/peso":"kg","menor":"8,9","comun":"9,8","maior":"10,64","quilo":"1"},{"produto":"vagem macarrao curta","classificação":"extra a","uni/peso":"kg","menor":"6,63","comun":"7,57","maior":"8,47","quilo":"1"},{"produto":"vagem macarrao curta","classificação":"extra","uni/peso":"kg","menor":"4,76","comun":"5,64","maior":"6,52","quilo":"1"}]},{"nome":"verduras","tentativas":1,"log":"02/05/2016","produtos":[{"produto":"acelga","classificação":"extra","uni/peso":"eng","menor":"20,22","comun":"21,22","maior":"22,22","quilo":"12"},{"produto":"acelga","classificação":"especial","uni/peso":"eng","menor":"17,21","comun":"18,21","maior":"19,21","quilo":"12"},{"produto":"acelga","classificação":"primeira","uni/peso":"eng","menor":"12,97","comun":"13,97","maior":"14,97","quilo":"12"},{"produto":"agriao","classificação":"extra","uni/peso":"eng","menor":"39,31","comun":"42,23","maior":"44,31","quilo":"12"},{"produto":"agriao","classificação":"especial","uni/peso":"eng","menor":"34,3","comun":"35,76","maior":"37,45","quilo":"12"},{"produto":"agriao","classificação":"primeira","uni/peso":"eng","menor":"27,12","comun":"30,05","maior":"32,12","quilo":"12"},{"produto":"alface americana","classificação":"extra","uni/peso":"eng","menor":"17,72","comun":"18,72","maior":"19,72","quilo":"10"},{"produto":"alface americana","classificação":"especial","uni/peso":"eng","menor":"14,86","comun":"15,86","maior":"16,86","quilo":"10"},{"produto":"alface americana","classificação":"primeira","uni/peso":"eng","menor":"10,38","comun":"11,38","maior":"12,38","quilo":"10"},{"produto":"alface crespa","classificação":"extra","uni/peso":"eng","menor":"12,45","comun":"13,45","maior":"14,45","quilo":"7"},{"produto":"alface crespa","classificação":"especial","uni/peso":"eng","menor":"9,67","comun":"10,67","maior":"11,67","quilo":"7"},{"produto":"alface crespa","classificação":"primeira","uni/peso":"eng","menor":"7,02","comun":"8,02","maior":"9,02","quilo":"7"},{"produto":"alface romana","classificação":"-","uni/peso":"eng","menor":"10,33","comun":"14,34","maior":"18,36","quilo":"8"},{"produto":"alface lisa","classificação":"extra","uni/peso":"eng","menor":"13,3","comun":"14,3","maior":"15,3","quilo":"8"},{"produto":"alface lisa","classificação":"especial","uni/peso":"eng","menor":"10,23","comun":"11,23","maior":"12,23","quilo":"8"},{"produto":"alface lisa","classificação":"primeira","uni/peso":"eng","menor":"7,87","comun":"8,87","maior":"9,87","quilo":"8"},{"produto":"alho porro","classificação":"extra","uni/peso":"dzmc","menor":"19,71","comun":"21,04","maior":"22,38","quilo":"2"},{"produto":"alho porro","classificação":"especial","uni/peso":"dzmc","menor":"16,58","comun":"17,89","maior":"19,21","quilo":"2"},{"produto":"alho porro","classificação":"primeira","uni/peso":"dzmc","menor":"11,81","comun":"13,13","maior":"14,46","quilo":"2"},{"produto":"almeirao","classificação":"extra","uni/peso":"dzmc","menor":"28,66","comun":"31,05","maior":"32,78","quilo":"6"},{"produto":"almeirao","classificação":"especial","uni/peso":"dzmc","menor":"24,28","comun":"26,66","maior":"28,4","quilo":"6"},{"produto":"almeirao","classificação":"primeira","uni/peso":"dzmc","menor":"19,37","comun":"21,76","maior":"23,5","quilo":"6"},{"produto":"almeirao pao de acucar","classificação":"extra","uni/peso":"dzmc","menor":"27,01","comun":"28,36","maior":"29,61","quilo":"12"},{"produto":"almeirao pao de acucar","classificação":"especial","uni/peso":"dzmc","menor":"23,76","comun":"25,11","maior":"26,37","quilo":"12"},{"produto":"almeirao pao de acucar","classificação":"primeira","uni/peso":"dzmc","menor":"19,52","comun":"20,86","maior":"22,03","quilo":"12"},{"produto":"aspargo","classificação":"-","uni/peso":"mc","menor":"13","comun":"15","maior":"17","quilo":"0,5"},{"produto":"beterraba c/fol","classificação":"extra","uni/peso":"eng","menor":"24,27","comun":"26,54","maior":"28,17","quilo":"20"},{"produto":"beterraba c/fol","classificação":"especial","uni/peso":"eng","menor":"20","comun":"21,91","maior":"23,9","quilo":"20"},{"produto":"beterraba c/fol","classificação":"primeira","uni/peso":"eng","menor":"16,1","comun":"18,37","maior":"20","quilo":"20"},{"produto":"brocolos","classificação":"extra","uni/peso":"dzmc","menor":"70,96","comun":"76,34","maior":"81,07","quilo":"15"},{"produto":"brocolos","classificação":"especial","uni/peso":"dzmc","menor":"60,85","comun":"66,01","maior":"70,62","quilo":"15"},{"produto":"brocolos ninja","classificação":"-","uni/peso":"eng","menor":"30,76","comun":"36,41","maior":"41,79","quilo":"8"},{"produto":"catalonha","classificação":"-","uni/peso":"dzmc","menor":"17,52","comun":"20,2","maior":"22,52","quilo":"6"},{"produto":"cebolinha","classificação":"extra","uni/peso":"mc","menor":"12,42","comun":"13,42","maior":"14,42","quilo":"1,35"},{"produto":"cebolinha","classificação":"especial","uni/peso":"mc","menor":"9,1","comun":"10,1","maior":"11,1","quilo":"1,2"},{"produto":"cenoura c/folha","classificação":"extra","uni/peso":"eng","menor":"25,11","comun":"26,45","maior":"27,61","quilo":"20"},{"produto":"cenoura c/folha","classificação":"especial","uni/peso":"eng","menor":"21,98","comun":"23,31","maior":"24,48","quilo":"20"},{"produto":"cenoura c/folha","classificação":"primeira","uni/peso":"eng","menor":"19,28","comun":"20,61","maior":"21,78","quilo":"20"},{"produto":"chicoria","classificação":"-","uni/peso":"dzmc","menor":"16,72","comun":"19,55","maior":"21,95","quilo":"6"},{"produto":"coentro","classificação":"extra","uni/peso":"dzmc","menor":"74,2","comun":"84","maior":"93,79","quilo":"6"},{"produto":"coentro","classificação":"especial","uni/peso":"dzmc","menor":"52,67","comun":"62,38","maior":"72,06","quilo":"6"},{"produto":"couve","classificação":"extra","uni/peso":"dzmc","menor":"23,77","comun":"24,86","maior":"25,91","quilo":"6"},{"produto":"couve","classificação":"especial","uni/peso":"dzmc","menor":"21,04","comun":"22,08","maior":"23,17","quilo":"6"},{"produto":"couve","classificação":"primeira","uni/peso":"dzmc","menor":"16,99","comun":"18,07","maior":"19,11","quilo":"6"},{"produto":"couve bruxelas","classificação":"extra","uni/peso":"pct","menor":"3","comun":"3,9","maior":"4,8","quilo":"0,25"},{"produto":"couve flor","classificação":"extra","uni/peso":"eng","menor":"39,48","comun":"42,19","maior":"44,05","quilo":"8"},{"produto":"couve flor","classificação":"especial","uni/peso":"eng","menor":"34,97","comun":"37,54","maior":"39,55","quilo":"8"},{"produto":"couve flor","classificação":"primeira","uni/peso":"eng","menor":"29,09","comun":"31,82","maior":"33,68","quilo":"8"},{"produto":"erva doce","classificação":"extra","uni/peso":"dzmc","menor":"30,27","comun":"33,23","maior":"35,27","quilo":"8"},{"produto":"erva doce","classificação":"especial","uni/peso":"dzmc","menor":"25,27","comun":"27,79","maior":"30,27","quilo":"8"},{"produto":"erva doce","classificação":"primeira","uni/peso":"dzmc","menor":"20,27","comun":"23,23","maior":"25,27","quilo":"8"},{"produto":"escarola","classificação":"extra","uni/peso":"eng","menor":"19,37","comun":"20,37","maior":"21,37","quilo":"8"},{"produto":"escarola","classificação":"especial","uni/peso":"eng","menor":"16,67","comun":"17,67","maior":"18,67","quilo":"8"},{"produto":"escarola","classificação":"primeira","uni/peso":"eng","menor":"12,94","comun":"13,94","maior":"14,94","quilo":"8"},{"produto":"espinafre","classificação":"extra","uni/peso":"dzmc","menor":"29,33","comun":"31,11","maior":"32,6","quilo":"6"},{"produto":"espinafre","classificação":"especial","uni/peso":"dzmc","menor":"25,48","comun":"26,97","maior":"28,75","quilo":"6"},{"produto":"espinafre","classificação":"primeira","uni/peso":"dzmc","menor":"20,48","comun":"22,26","maior":"23,75","quilo":"6"},{"produto":"gobo","classificação":"extra","uni/peso":"mc","menor":"11,69","comun":"13,69","maior":"16,69","quilo":"1"},{"produto":"hortela","classificação":"-","uni/peso":"mc","menor":"2,34","comun":"2,92","maior":"3,51","quilo":"0,15"},{"produto":"louro","classificação":"-","uni/peso":"mc","menor":"2","comun":"2,5","maior":"3","quilo":"0,2"},{"produto":"milho verde","classificação":"extra","uni/peso":"kg","menor":"0,88","comun":"0,96","maior":"1,06","quilo":"1"},{"produto":"milho verde","classificação":"especial","uni/peso":"kg","menor":"0,69","comun":"0,78","maior":"0,87","quilo":"1"},{"produto":"milho verde","classificação":"primeira","uni/peso":"kg","menor":"0,49","comun":"0,58","maior":"0,68","quilo":"1"},{"produto":"moiashi","classificação":"-","uni/peso":"pct","menor":"3,4","comun":"3,74","maior":"3,99","quilo":"0,5"},{"produto":"mostarda","classificação":"-","uni/peso":"dzmc","menor":"21,06","comun":"25,64","maior":"30","quilo":"6"},{"produto":"nabo","classificação":"extra","uni/peso":"mc","menor":"9,7","comun":"10,7","maior":"11,7","quilo":"3"},{"produto":"nabo","classificação":"especial","uni/peso":"mc","menor":"7,32","comun":"8,32","maior":"9,32","quilo":"3"},{"produto":"nabo","classificação":"primeira","uni/peso":"mc","menor":"5,23","comun":"6,23","maior":"7,23","quilo":"3"},{"produto":"oregano","classificação":"-","uni/peso":"mc","menor":"2,31","comun":"2,81","maior":"3,31","quilo":"0,15"},{"produto":"palmito pupunha","classificação":"-","uni/peso":"pc","menor":"9,14","comun":"10,57","maior":"12","quilo":"2,5"},{"produto":"rabanete","classificação":"extra","uni/peso":"dzmc","menor":"25,01","comun":"26,56","maior":"28,02","quilo":"10"},{"produto":"rabanete","classificação":"especial","uni/peso":"dzmc","menor":"21,7","comun":"23,24","maior":"24,51","quilo":"10"},{"produto":"rabanete","classificação":"primeira","uni/peso":"dzmc","menor":"18,4","comun":"19,95","maior":"21,22","quilo":"10"},{"produto":"repolho liso","classificação":"extra","uni/peso":"eng","menor":"27,73","comun":"30,4","maior":"32,72","quilo":"25"},{"produto":"repolho roxo","classificação":"extra","uni/peso":"eng","menor":"41,73","comun":"46,69","maior":"51,63","quilo":"25"},{"produto":"rucula","classificação":"-","uni/peso":"dzmc","menor":"19,12","comun":"21,8","maior":"24,12","quilo":"6"},{"produto":"salsa","classificação":"-","uni/peso":"mc","menor":"15,65","comun":"18","maior":"20,19","quilo":"2,5"},{"produto":"salsao branco/verde","classificação":"extra","uni/peso":"dzmc","menor":"25,82","comun":"27,12","maior":"28,28","quilo":"10"},{"produto":"salsao branco/verde","classificação":"especial","uni/peso":"dzmc","menor":"22,74","comun":"24,03","maior":"25,18","quilo":"10"},{"produto":"salsao branco/verde","classificação":"primeira","uni/peso":"dzmc","menor":"19,29","comun":"20,58","maior":"21,73","quilo":"10"},{"produto":"manjericço","classificação":"-","uni/peso":"m","menor":"1,5","comun":"1,8","maior":"2","quilo":"0,15"},{"produto":"alface crespa","classificação":"hidroponica","uni/peso":"eng","menor":"20,89","comun":"23,49","maior":"26,43","quilo":"4"},{"produto":"alface lisa","classificação":"hidroponica","uni/peso":"eng","menor":"22,39","comun":"25,83","maior":"29,78","quilo":"4"},{"produto":"alface mimosa","classificação":"hidroponica","uni/peso":"eng","menor":"22,39","comun":"25,83","maior":"29,78","quilo":"4"},{"produto":"agriao","classificação":"hidroponico","uni/peso":"eng","menor":"25","comun":"28,96","maior":"32,39","quilo":"4"},{"produto":"escarola","classificação":"hidroponica","uni/peso":"eng","menor":"22,39","comun":"25,83","maior":"29,78","quilo":"4"},{"produto":"rucula","classificação":"hidroponica","uni/peso":"eng","menor":"29,71","comun":"35,26","maior":"41,14","quilo":"5"}]},{"nome":"diversos","tentativas":1,"log":"02/05/2016","produtos":[{"produto":"alho","classificação":"tipo 7","uni/peso":"kg","menor":"24,1","comun":"24,91","maior":"25,72","quilo":"1"},{"produto":"alho","classificação":"tipo 6","uni/peso":"kg","menor":"22,92","comun":"23,46","maior":"24,1","quilo":"1"},{"produto":"alho","classificação":"tipo 5","uni/peso":"kg","menor":"20,92","comun":"21,92","maior":"22,92","quilo":"1"},{"produto":"alho estrang. argentino","classificação":"tipo 7","uni/peso":"kg","menor":"20,34","comun":"21,25","maior":"22,16","quilo":"1"},{"produto":"alho estrang. argentino","classificação":"tipo 6","uni/peso":"kg","menor":"19,18","comun":"19,76","maior":"20,34","quilo":"1"},{"produto":"alho estrang. argentino","classificação":"tipo 5","uni/peso":"kg","menor":"18,16","comun":"18,67","maior":"19,18","quilo":"1"},{"produto":"alho estrang. chines","classificação":"-","uni/peso":"kg","menor":"16","comun":"17","maior":"18","quilo":"1"},{"produto":"amendoim com casca","classificação":"-","uni/peso":"sc","menor":"141,58","comun":"144,96","maior":"147,89","quilo":"25"},{"produto":"amendoim s/casca","classificação":"-","uni/peso":"sc","menor":"237,13","comun":"243,33","maior":"249,52","quilo":"25"},{"produto":"batata escovada","classificação":"noiva","uni/peso":"kg","menor":"4,8","comun":"4,9","maior":"5","quilo":"1"},{"produto":"batata escovada","classificação":"especial","uni/peso":"kg","menor":"4,4","comun":"4,6","maior":"4,8","quilo":"1"},{"produto":"batata asterix","classificação":"especial","uni/peso":"kg","menor":"5,05","comun":"5,24","maior":"5,43","quilo":"1"},{"produto":"batata lavada","classificação":"noiva","uni/peso":"kg","menor":"4,62","comun":"4,78","maior":"4,93","quilo":"1"},{"produto":"batata lavada","classificação":"especial","uni/peso":"kg","menor":"4,33","comun":"4,43","maior":"4,54","quilo":"1"},{"produto":"batata lavada","classificação":"2a.bolinha","uni/peso":"kg","menor":"2,44","comun":"2,62","maior":"2,8","quilo":"1"},{"produto":"batata lavada","classificação":"florço","uni/peso":"kg","menor":"3,06","comun":"3,26","maior":"3,46","quilo":"1"},{"produto":"batata lavada","classificação":"1a.especialzinh","uni/peso":"kg","menor":"1,69","comun":"1,88","maior":"2,06","quilo":"1"},{"produto":"batata lavada","classificação":"boneca","uni/peso":"kg","menor":"1,62","comun":"1,81","maior":"2","quilo":"1"},{"produto":"canjica","classificação":"-","uni/peso":"kg","menor":"2,3","comun":"2,4","maior":"2,5","quilo":"1"},{"produto":"cebola roxa","classificação":"grauda","uni/peso":"kg","menor":"4,6","comun":"4,8","maior":"5","quilo":"1"},{"produto":"cebola roxa","classificação":"media","uni/peso":"kg","menor":"4,6","comun":"4,8","maior":"5","quilo":"1"},{"produto":"cebola roxa","classificação":"miuda","uni/peso":"kg","menor":"4","comun":"4,17","maior":"4,33","quilo":"1"},{"produto":"cebola nacional","classificação":"grauda","uni/peso":"kg","menor":"3,39","comun":"3,49","maior":"3,63","quilo":"1"},{"produto":"cebola nacional","classificação":"media","uni/peso":"kg","menor":"3,54","comun":"3,64","maior":"3,75","quilo":"1"},{"produto":"cebola nacional","classificação":"miuda","uni/peso":"kg","menor":"2,59","comun":"2,88","maior":"3,08","quilo":"1"},{"produto":"cebola estrang. holandesa","classificação":"media","uni/peso":"kg","menor":"2,5","comun":"2,8","maior":"3","quilo":"1"},{"produto":"cebola estrang. argentina","classificação":"grauda","uni/peso":"kg","menor":"3,44","comun":"3,54","maior":"3,67","quilo":"1"},{"produto":"cebola estrang. argentina","classificação":"media","uni/peso":"kg","menor":"3,61","comun":"3,72","maior":"3,84","quilo":"1"},{"produto":"cebola estrang. argentina","classificação":"miuda","uni/peso":"kg","menor":"2,62","comun":"2,91","maior":"3,16","quilo":"1"},{"produto":"coco seco","classificação":"-","uni/peso":"sc","menor":"50,36","comun":"52,69","maior":"55","quilo":"20"},{"produto":"ovos branco","classificação":"grande embalado","uni/peso":"bd","menor":"9,46","comun":"9,56","maior":"9,66","quilo":"1,8"},{"produto":"m.pipoca estran","classificação":"-","uni/peso":"sc","menor":"55,86","comun":"58","maior":"60","quilo":"22,6"},{"produto":"ovos branco","classificação":"extra","uni/peso":"cx","menor":"90,32","comun":"91,32","maior":"92,32","quilo":"23"},{"produto":"ovos branco","classificação":"grande","uni/peso":"cx","menor":"88,59","comun":"89,59","maior":"90,59","quilo":"20"},{"produto":"ovos branco","classificação":"medio","uni/peso":"cx","menor":"86,18","comun":"87,18","maior":"88,18","quilo":"18"},{"produto":"ovos branco","classificação":"pequeno","uni/peso":"cx","menor":"79,92","comun":"80,92","maior":"81,92","quilo":"17"},{"produto":"ovos branco","classificação":"extra embalado","uni/peso":"bd","menor":"9,65","comun":"9,75","maior":"9,85","quilo":"2"},{"produto":"ovos vermelho","classificação":"extra","uni/peso":"cx","menor":"106,28","comun":"107,28","maior":"108,28","quilo":"23"},{"produto":"ovos codorna","classificação":"-","uni/peso":"bd","menor":"2,59","comun":"2,69","maior":"2,79","quilo":"0,3"},{"produto":"pinhao","classificação":"-","uni/peso":"sc","menor":"79,48","comun":"81,59","maior":"84,48","quilo":"20"}]},{"nome":"flores","tentativas":3,"log":"02/05/2016","produtos":[]},{"nome":"pescados","tentativas":1,"log":"02/05/2016","produtos":[{"produto":"abrotea","classificação":"grande","uni/peso":"kg","menor":"4,5","comun":"4,8","maior":"5","quilo":"1"},{"produto":"abrotea","classificação":"media","uni/peso":"kg","menor":"2,5","comun":"2,8","maior":"3","quilo":"1"},{"produto":"abrotea","classificação":"pequena","uni/peso":"kg","menor":"1,5","comun":"1,8","maior":"2","quilo":"1"},{"produto":"anchovas congelada","classificação":"grande","uni/peso":"kg","menor":"12","comun":"13","maior":"14","quilo":"1"},{"produto":"betarra","classificação":"-","uni/peso":"kg","menor":"1,5","comun":"2","maior":"3","quilo":"1"},{"produto":"bonito","classificação":"-","uni/peso":"kg","menor":"3","comun":"3,5","maior":"4","quilo":"1"},{"produto":"cacao congelada","classificação":"grande","uni/peso":"kg","menor":"8,5","comun":"9","maior":"9,5","quilo":"1"},{"produto":"camarao ferro","classificação":"grande","uni/peso":"kg","menor":"28","comun":"29","maior":"30","quilo":"1"},{"produto":"camarao ferro","classificação":"medio","uni/peso":"kg","menor":"24","comun":"25","maior":"26","quilo":"1"},{"produto":"camarao ferro","classificação":"pequeno","uni/peso":"kg","menor":"18","comun":"19","maior":"20","quilo":"1"},{"produto":"cascote","classificação":"-","uni/peso":"kg","menor":"1","comun":"1,3","maior":"1,5","quilo":"1"},{"produto":"corvina","classificação":"grande","uni/peso":"kg","menor":"5","comun":"5,5","maior":"6","quilo":"1"},{"produto":"corvina","classificação":"media","uni/peso":"kg","menor":"2,5","comun":"2,8","maior":"3","quilo":"1"},{"produto":"corvina","classificação":"pequena","uni/peso":"kg","menor":"1,5","comun":"1,8","maior":"2","quilo":"1"},{"produto":"curimbata","classificação":"grande","uni/peso":"kg","menor":"4","comun":"4,5","maior":"5","quilo":"1"},{"produto":"dourado","classificação":"grande","uni/peso":"kg","menor":"16","comun":"17","maior":"18","quilo":"1"},{"produto":"garoupa","classificação":"-","uni/peso":"kg","menor":"20","comun":"25","maior":"30","quilo":"1"},{"produto":"linguado","classificação":"grande","uni/peso":"kg","menor":"16","comun":"17","maior":"18","quilo":"1"},{"produto":"linguado","classificação":"medio","uni/peso":"kg","menor":"8","comun":"9","maior":"10","quilo":"1"},{"produto":"linguado","classificação":"pequeno","uni/peso":"kg","menor":"4","comun":"5","maior":"6","quilo":"1"},{"produto":"manjuba","classificação":"-","uni/peso":"kg","menor":"8","comun":"9","maior":"10","quilo":"1"},{"produto":"mistura","classificação":"-","uni/peso":"kg","menor":"0,5","comun":"0,8","maior":"1","quilo":"1"},{"produto":"namorado","classificação":"grande","uni/peso":"kg","menor":"21","comun":"22","maior":"23","quilo":"1"},{"produto":"salmao","classificação":"grande","uni/peso":"kg","menor":"35","comun":"38","maior":"40","quilo":"1"},{"produto":"pescada","classificação":"grande","uni/peso":"kg","menor":"10","comun":"11","maior":"12","quilo":"1"},{"produto":"pescada","classificação":"media","uni/peso":"kg","menor":"8","comun":"8,5","maior":"9","quilo":"1"},{"produto":"pescada","classificação":"pequena","uni/peso":"kg","menor":"5","comun":"5,5","maior":"6","quilo":"1"},{"produto":"pescada amarela","classificação":"-","uni/peso":"kg","menor":"25","comun":"28","maior":"30","quilo":"1"},{"produto":"pescada cumbucu","classificação":"grande","uni/peso":"kg","menor":"18","comun":"19","maior":"20","quilo":"1"},{"produto":"pescada goete","classificação":"grande","uni/peso":"kg","menor":"4,5","comun":"4,8","maior":"5","quilo":"1"},{"produto":"pescada goete","classificação":"media","uni/peso":"kg","menor":"3,5","comun":"3,8","maior":"4","quilo":"1"},{"produto":"pescada goete","classificação":"pequena","uni/peso":"kg","menor":"2,5","comun":"2,8","maior":"3","quilo":"1"},{"produto":"pescada maria mole","classificação":"grande","uni/peso":"kg","menor":"5","comun":"5,5","maior":"6","quilo":"1"},{"produto":"pescada maria mole","classificação":"media","uni/peso":"kg","menor":"3,5","comun":"3,8","maior":"4","quilo":"1"},{"produto":"pescada maria mole","classificação":"pequena","uni/peso":"kg","menor":"2,5","comun":"2,8","maior":"3","quilo":"1"},{"produto":"pescada tortinha","classificação":"-","uni/peso":"kg","menor":"2,5","comun":"3","maior":"3,5","quilo":"1"},{"produto":"pintado cativeiro","classificação":"-","uni/peso":"kg","menor":"10","comun":"10,5","maior":"11","quilo":"1"},{"produto":"robalo","classificação":"-","uni/peso":"kg","menor":"28","comun":"29","maior":"30","quilo":"1"},{"produto":"sardinha fresca","classificação":"grande","uni/peso":"kg","menor":"3,5","comun":"3,8","maior":"4","quilo":"1"},{"produto":"truta cativeiro","classificação":"-","uni/peso":"kg","menor":"17","comun":"18","maior":"19","quilo":"1"},{"produto":"tilapia cativeiro","classificação":"-","uni/peso":"kg","menor":"5","comun":"5,5","maior":"6","quilo":"1"},{"produto":"traira","classificação":"medio","uni/peso":"kg","menor":"6","comun":"6,5","maior":"7","quilo":"1"},{"produto":"abrotea","classificação":"grande","uni/peso":"kg","menor":"4,5","comun":"4,8","maior":"5","quilo":"1"},{"produto":"abrotea","classificação":"media","uni/peso":"kg","menor":"2,5","comun":"2,8","maior":"3","quilo":"1"},{"produto":"abrotea","classificação":"pequena","uni/peso":"kg","menor":"1,5","comun":"1,8","maior":"2","quilo":"1"},{"produto":"anchovas congelada","classificação":"grande","uni/peso":"kg","menor":"12","comun":"13","maior":"14","quilo":"1"},{"produto":"betarra","classificação":"-","uni/peso":"kg","menor":"1,5","comun":"2","maior":"3","quilo":"1"},{"produto":"bonito","classificação":"-","uni/peso":"kg","menor":"3","comun":"3,5","maior":"4","quilo":"1"},{"produto":"cacao congelada","classificação":"grande","uni/peso":"kg","menor":"8,5","comun":"9","maior":"9,5","quilo":"1"},{"produto":"camarao ferro","classificação":"grande","uni/peso":"kg","menor":"28","comun":"29","maior":"30","quilo":"1"},{"produto":"camarao ferro","classificação":"medio","uni/peso":"kg","menor":"24","comun":"25","maior":"26","quilo":"1"},{"produto":"camarao ferro","classificação":"pequeno","uni/peso":"kg","menor":"18","comun":"19","maior":"20","quilo":"1"},{"produto":"cascote","classificação":"-","uni/peso":"kg","menor":"1","comun":"1,3","maior":"1,5","quilo":"1"},{"produto":"corvina","classificação":"grande","uni/peso":"kg","menor":"5","comun":"5,5","maior":"6","quilo":"1"},{"produto":"corvina","classificação":"media","uni/peso":"kg","menor":"2,5","comun":"2,8","maior":"3","quilo":"1"},{"produto":"corvina","classificação":"pequena","uni/peso":"kg","menor":"1,5","comun":"1,8","maior":"2","quilo":"1"},{"produto":"curimbata","classificação":"grande","uni/peso":"kg","menor":"4","comun":"4,5","maior":"5","quilo":"1"},{"produto":"dourado","classificação":"grande","uni/peso":"kg","menor":"16","comun":"17","maior":"18","quilo":"1"},{"produto":"garoupa","classificação":"-","uni/peso":"kg","menor":"20","comun":"25","maior":"30","quilo":"1"},{"produto":"linguado","classificação":"grande","uni/peso":"kg","menor":"16","comun":"17","maior":"18","quilo":"1"},{"produto":"linguado","classificação":"medio","uni/peso":"kg","menor":"8","comun":"9","maior":"10","quilo":"1"},{"produto":"linguado","classificação":"pequeno","uni/peso":"kg","menor":"4","comun":"5","maior":"6","quilo":"1"},{"produto":"manjuba","classificação":"-","uni/peso":"kg","menor":"8","comun":"9","maior":"10","quilo":"1"},{"produto":"mistura","classificação":"-","uni/peso":"kg","menor":"0,5","comun":"0,8","maior":"1","quilo":"1"},{"produto":"namorado","classificação":"grande","uni/peso":"kg","menor":"21","comun":"22","maior":"23","quilo":"1"},{"produto":"salmao","classificação":"grande","uni/peso":"kg","menor":"35","comun":"38","maior":"40","quilo":"1"},{"produto":"pescada","classificação":"grande","uni/peso":"kg","menor":"10","comun":"11","maior":"12","quilo":"1"},{"produto":"pescada","classificação":"media","uni/peso":"kg","menor":"8","comun":"8,5","maior":"9","quilo":"1"},{"produto":"pescada","classificação":"pequena","uni/peso":"kg","menor":"5","comun":"5,5","maior":"6","quilo":"1"},{"produto":"pescada amarela","classificação":"-","uni/peso":"kg","menor":"25","comun":"28","maior":"30","quilo":"1"},{"produto":"pescada cumbucu","classificação":"grande","uni/peso":"kg","menor":"18","comun":"19","maior":"20","quilo":"1"},{"produto":"pescada goete","classificação":"grande","uni/peso":"kg","menor":"4,5","comun":"4,8","maior":"5","quilo":"1"},{"produto":"pescada goete","classificação":"media","uni/peso":"kg","menor":"3,5","comun":"3,8","maior":"4","quilo":"1"},{"produto":"pescada goete","classificação":"pequena","uni/peso":"kg","menor":"2,5","comun":"2,8","maior":"3","quilo":"1"},{"produto":"pescada maria mole","classificação":"grande","uni/peso":"kg","menor":"5","comun":"5,5","maior":"6","quilo":"1"},{"produto":"pescada maria mole","classificação":"media","uni/peso":"kg","menor":"3,5","comun":"3,8","maior":"4","quilo":"1"},{"produto":"pescada maria mole","classificação":"pequena","uni/peso":"kg","menor":"2,5","comun":"2,8","maior":"3","quilo":"1"},{"produto":"pescada tortinha","classificação":"-","uni/peso":"kg","menor":"2,5","comun":"3","maior":"3,5","quilo":"1"},{"produto":"pintado cativeiro","classificação":"-","uni/peso":"kg","menor":"10","comun":"10,5","maior":"11","quilo":"1"},{"produto":"robalo","classificação":"-","uni/peso":"kg","menor":"28","comun":"29","maior":"30","quilo":"1"},{"produto":"sardinha fresca","classificação":"grande","uni/peso":"kg","menor":"3,5","comun":"3,8","maior":"4","quilo":"1"},{"produto":"truta cativeiro","classificação":"-","uni/peso":"kg","menor":"17","comun":"18","maior":"19","quilo":"1"},{"produto":"tilapia cativeiro","classificação":"-","uni/peso":"kg","menor":"5","comun":"5,5","maior":"6","quilo":"1"},{"produto":"traira","classificação":"medio","uni/peso":"kg","menor":"6","comun":"6,5","maior":"7","quilo":"1"}]}]}
