{"categorias":[{"nome":"frutas","tentativas":1,"log":"06/04/2016","produtos":[{"produto":"mexerica rio","classificação":"c","uni/peso":"kg","menor":"4","comun":"4.1","maior":"4.2","quilo":"1"},{"produto":"morango comum","classificação":"-","uni/peso":"kg","menor":"15.16","comun":"17.66","maior":"20.1","quilo":"1"},{"produto":"morango caminho real","classificação":"-","uni/peso":"kg","menor":"27.44","comun":"31.42","maior":"34.89","quilo":"1"},{"produto":"nectarina estra argentina","classificação":"-","uni/peso":"kg","menor":"6.53","comun":"6.99","maior":"7.47","quilo":"1"},{"produto":"pera estrang. danjou","classificação":"-","uni/peso":"kg","menor":"5.25","comun":"5.55","maior":"5.96","quilo":"1"},{"produto":"pera estrang. pack-s triumph","classificação":"-","uni/peso":"kg","menor":"4.8","comun":"5","maior":"5.25","quilo":"1"},{"produto":"pera estrang. william-s","classificação":"-","uni/peso":"kg","menor":"5.61","comun":"6.09","maior":"6.59","quilo":"1"},{"produto":"pera estrang. rocha","classificação":"-","uni/peso":"kg","menor":"4.41","comun":"6.4","maior":"8.39","quilo":"1"},{"produto":"pessego estrang argentino","classificação":"-","uni/peso":"kg","menor":"5.44","comun":"6.29","maior":"7.2","quilo":"1"},{"produto":"roma","classificação":"-","uni/peso":"kg","menor":"5","comun":"6","maior":"7","quilo":"1"},{"produto":"seriguela","classificação":"-","uni/peso":"kg","menor":"8.97","comun":"9.97","maior":"11.08","quilo":"1"},{"produto":"tangerina cravo","classificação":"a (10/12 dz)","uni/peso":"kg","menor":"2.16","comun":"2.38","maior":"2.6","quilo":"1"},{"produto":"tangerina cravo","classificação":"b (13/15 dz)","uni/peso":"kg","menor":"1.65","comun":"1.87","maior":"2.09","quilo":"1"},{"produto":"tangerina cravo","classificação":"c (18/21 dz)","uni/peso":"kg","menor":"1.26","comun":"1.42","maior":"1.58","quilo":"1"},{"produto":"tangerina poncam","classificação":"a (8/10 dz)","uni/peso":"kg","menor":"2.16","comun":"2.33","maior":"2.51","quilo":"1"},{"produto":"tangerina poncam","classificação":"b (11/12 dz)","uni/peso":"kg","menor":"1.71","comun":"1.88","maior":"2.05","quilo":"1"},{"produto":"tangerina poncam","classificação":"c (13/15 dz)","uni/peso":"kg","menor":"1.32","comun":"1.46","maior":"1.6","quilo":"1"},{"produto":"uva niagara","classificação":"extra a","uni/peso":"kg","menor":"6.02","comun":"6.76","maior":"7.62","quilo":"1"},{"produto":"uva niagara","classificação":"extra","uni/peso":"kg","menor":"4.54","comun":"5.28","maior":"6.02","quilo":"1"},{"produto":"uva niagara","classificação":"especial","uni/peso":"kg","menor":"3.03","comun":"4.03","maior":"4.54","quilo":"1"},{"produto":"uva italia","classificação":"extra a","uni/peso":"kg","menor":"9","comun":"9.69","maior":"10.42","quilo":"1"},{"produto":"uva italia","classificação":"extra","uni/peso":"kg","menor":"7.04","comun":"8","maior":"8.97","quilo":"1"},{"produto":"uva italia","classificação":"especial","uni/peso":"kg","menor":"5.51","comun":"6.26","maior":"7","quilo":"1"},{"produto":"uva brasil","classificação":"extra a","uni/peso":"kg","menor":"9","comun":"9.63","maior":"10.27","quilo":"1"},{"produto":"uva brasil","classificação":"extra","uni/peso":"kg","menor":"7.74","comun":"8.37","maior":"9","quilo":"1"},{"produto":"uva brasil","classificação":"especial","uni/peso":"kg","menor":"6.49","comun":"7.12","maior":"7.75","quilo":"1"},{"produto":"uva rubi","classificação":"extra a","uni/peso":"kg","menor":"8.96","comun":"9.96","maior":"11.04","quilo":"1"},{"produto":"uva rubi","classificação":"extra","uni/peso":"kg","menor":"6.96","comun":"7.96","maior":"8.96","quilo":"1"},{"produto":"uva rubi","classificação":"especial","uni/peso":"kg","menor":"4.96","comun":"5.96","maior":"6.96","quilo":"1"},{"produto":"uva benitaka","classificação":"-","uni/peso":"kg","menor":"8.49","comun":"9.49","maior":"10.52","quilo":"1"},{"produto":"uva crinsson","classificação":"-","uni/peso":"kg","menor":"9.67","comun":"10.67","maior":"12.08","quilo":"1"},{"produto":"uva estrang. moscatel","classificação":"-","uni/peso":"kg","menor":"14","comun":"15","maior":"16.25","quilo":"1"},{"produto":"uva estrang. thompson","classificação":"-","uni/peso":"kg","menor":"9.03","comun":"9.93","maior":"10.85","quilo":"1"},{"produto":"uva estrang. red globe","classificação":"-","uni/peso":"kg","menor":"7.88","comun":"9","maior":"9.91","quilo":"1"},{"produto":"abacate margarida","classificação":"a boca 8 a 10","uni/peso":"kg","menor":"2.1","comun":"2.3","maior":"2.5","quilo":"1"},{"produto":"abacate margarida","classificação":"b boca 11 e 12","uni/peso":"kg","menor":"1.7","comun":"1.9","maior":"2.1","quilo":"1"},{"produto":"abacate fortuna","classificação":"a boca 8 a 10","uni/peso":"kg","menor":"2.09","comun":"2.28","maior":"2.48","quilo":"1"},{"produto":"abacate fortuna","classificação":"b boca 11 e 12","uni/peso":"kg","menor":"1.69","comun":"1.89","maior":"2.08","quilo":"1"},{"produto":"abacate avocado","classificação":"a","uni/peso":"kg","menor":"3.06","comun":"3.88","maior":"4.71","quilo":"1"},{"produto":"abacate quintal","classificação":"a boca 8 a 10","uni/peso":"kg","menor":"2.1","comun":"2.3","maior":"2.5","quilo":"1"},{"produto":"abacate quintal","classificação":"b boca 11 e 12","uni/peso":"kg","menor":"1.7","comun":"1.9","maior":"2.1","quilo":"1"},{"produto":"abacaxi havai","classificação":"a graudo","uni/peso":"und","menor":"4.06","comun":"4.28","maior":"4.5","quilo":"2.2"},{"produto":"abacaxi havai","classificação":"b medio","uni/peso":"und","menor":"3.43","comun":"3.64","maior":"3.86","quilo":"1.8"},{"produto":"abacaxi havai","classificação":"c miudo","uni/peso":"und","menor":"2.79","comun":"3.01","maior":"3.23","quilo":"1.4"},{"produto":"abacaxi perola","classificação":"a graudo","uni/peso":"und","menor":"5.07","comun":"5.52","maior":"5.97","quilo":"1.8"},{"produto":"abacaxi perola","classificação":"b medio","uni/peso":"und","menor":"4.08","comun":"4.53","maior":"4.98","quilo":"1.4"},{"produto":"abacaxi perola","classificação":"c miudo","uni/peso":"und","menor":"3.09","comun":"3.54","maior":"3.98","quilo":"1"},{"produto":"acerola fresca","classificação":"-","uni/peso":"kg","menor":"6.74","comun":"7.74","maior":"8.74","quilo":"1"},{"produto":"atemoia","classificação":"8/10 frutos","uni/peso":"kg","menor":"6.14","comun":"6.78","maior":"7.52","quilo":"1"},{"produto":"atemoia","classificação":"12 frutos","uni/peso":"kg","menor":"4.86","comun":"5.5","maior":"6.11","quilo":"1"},{"produto":"atemoia","classificação":"15 frutos","uni/peso":"kg","menor":"3.26","comun":"4.06","maior":"4.83","quilo":"1"},{"produto":"ameixa estrang. argentina","classificação":"-","uni/peso":"kg","menor":"6.44","comun":"7.3","maior":"8.23","quilo":"1"},{"produto":"banana terra","classificação":"-","uni/peso":"kg","menor":"2.26","comun":"2.56","maior":"2.91","quilo":"1"},{"produto":"banana maca","classificação":"-","uni/peso":"kg","menor":"3.69","comun":"4.03","maior":"4.3","quilo":"1"},{"produto":"banana ouro","classificação":"-","uni/peso":"kg","menor":"2.43","comun":"2.64","maior":"2.84","quilo":"1"},{"produto":"banana prata mg","classificação":"-","uni/peso":"kg","menor":"3.09","comun":"3.37","maior":"3.64","quilo":"1"},{"produto":"banana prata sp","classificação":"-","uni/peso":"kg","menor":"2.93","comun":"3.11","maior":"3.27","quilo":"1"},{"produto":"banana nanica climat.","classificação":"-","uni/peso":"kg","menor":"1.93","comun":"2.15","maior":"2.31","quilo":"1"},{"produto":"caju","classificação":"a","uni/peso":"kg","menor":"10.85","comun":"11.85","maior":"12.85","quilo":"1"},{"produto":"caju","classificação":"b","uni/peso":"kg","menor":"8.77","comun":"9.77","maior":"10.77","quilo":"1"},{"produto":"caqui fuyu","classificação":"a","uni/peso":"kg","menor":"7.04","comun":"7.86","maior":"8.79","quilo":"1"},{"produto":"caqui fuyu","classificação":"b","uni/peso":"kg","menor":"5.7","comun":"6.3","maior":"6.93","quilo":"1"},{"produto":"caqui fuyu","classificação":"c","uni/peso":"kg","menor":"3.94","comun":"4.76","maior":"5.56","quilo":"1"},{"produto":"caqui rama forte","classificação":"a","uni/peso":"kg","menor":"2.3","comun":"2.52","maior":"2.71","quilo":"1"},{"produto":"caqui rama forte","classificação":"b","uni/peso":"kg","menor":"1.81","comun":"2","maior":"2.21","quilo":"1"},{"produto":"caqui rama forte","classificação":"c","uni/peso":"kg","menor":"1.42","comun":"1.65","maior":"1.85","quilo":"1"},{"produto":"caqui giombo","classificação":"a","uni/peso":"kg","menor":"4.18","comun":"4.68","maior":"5.18","quilo":"1"},{"produto":"caqui giombo","classificação":"b","uni/peso":"kg","menor":"3.19","comun":"3.67","maior":"4.16","quilo":"1"},{"produto":"caqui giombo","classificação":"c","uni/peso":"kg","menor":"2.31","comun":"2.74","maior":"3.17","quilo":"1"},{"produto":"carambola","classificação":"-","uni/peso":"kg","menor":"5.25","comun":"6.25","maior":"7.16","quilo":"1"},{"produto":"coco verde","classificação":"-","uni/peso":"und","menor":"1.86","comun":"1.96","maior":"2.06","quilo":"2.5"},{"produto":"figo","classificação":"a","uni/peso":"kg","menor":"8.27","comun":"9.32","maior":"10.32","quilo":"1"},{"produto":"figo","classificação":"b","uni/peso":"kg","menor":"6.22","comun":"7.22","maior":"8.22","quilo":"1"},{"produto":"fruta do conde","classificação":"9/10 frutos","uni/peso":"kg","menor":"8.13","comun":"9.1","maior":"10.25","quilo":"1"},{"produto":"fruta do conde","classificação":"12 frutos","uni/peso":"kg","menor":"6.2","comun":"7.17","maior":"8.13","quilo":"1"},{"produto":"fruta do conde","classificação":"15 frutos","uni/peso":"kg","menor":"4.28","comun":"5.24","maior":"6.2","quilo":"1"},{"produto":"fruta do conde","classificação":"18 frutos","uni/peso":"kg","menor":"2.35","comun":"3.31","maior":"4.28","quilo":"1"},{"produto":"goiaba vermelha","classificação":"9 frutos","uni/peso":"kg","menor":"3.09","comun":"3.78","maior":"4.45","quilo":"1"},{"produto":"goiaba vermelha","classificação":"12 frutos","uni/peso":"kg","menor":"3.1","comun":"3.78","maior":"4.45","quilo":"1"},{"produto":"goiaba vermelha","classificação":"15 frutos","uni/peso":"kg","menor":"2.94","comun":"3.54","maior":"4.16","quilo":"1"},{"produto":"goiaba vermelha","classificação":"18 frutos","uni/peso":"kg","menor":"1.93","comun":"2.43","maior":"2.93","quilo":"1"},{"produto":"goiaba branca","classificação":"9 frutos","uni/peso":"kg","menor":"2.4","comun":"2.9","maior":"3.41","quilo":"1"},{"produto":"goiaba branca","classificação":"12 frutos","uni/peso":"kg","menor":"2.4","comun":"2.9","maior":"3.41","quilo":"1"},{"produto":"goiaba branca","classificação":"15 frutos","uni/peso":"kg","menor":"2.4","comun":"2.9","maior":"3.41","quilo":"1"},{"produto":"goiaba branca","classificação":"18 frutos","uni/peso":"kg","menor":"1.6","comun":"2.01","maior":"2.4","quilo":"1"},{"produto":"graviola","classificação":"-","uni/peso":"kg","menor":"4.68","comun":"5.18","maior":"5.64","quilo":"1"},{"produto":"jabuticaba","classificação":"-","uni/peso":"kg","menor":"15","comun":"18","maior":"20","quilo":"1"},{"produto":"jaca","classificação":"-","uni/peso":"kg","menor":"1.8","comun":"1.9","maior":"2","quilo":"1"},{"produto":"kiwi estrang. italiano","classificação":"-","uni/peso":"kg","menor":"5.81","comun":"6.2","maior":"6.66","quilo":"1"},{"produto":"laranja baia","classificação":"a (7/10 dz)","uni/peso":"kg","menor":"1.94","comun":"2.04","maior":"2.14","quilo":"1"},{"produto":"laranja baia","classificação":"b (11/13 dz)","uni/peso":"kg","menor":"1.76","comun":"1.86","maior":"1.96","quilo":"1"},{"produto":"laranja baia","classificação":"c (14/15 dz)","uni/peso":"kg","menor":"1.35","comun":"1.45","maior":"1.55","quilo":"1"},{"produto":"laranja lima","classificação":"a (9/12 dz)","uni/peso":"kg","menor":"1.74","comun":"1.85","maior":"1.95","quilo":"1"},{"produto":"laranja lima","classificação":"b (13/15 dz)","uni/peso":"kg","menor":"1.49","comun":"1.59","maior":"1.69","quilo":"1"},{"produto":"laranja lima","classificação":"c (16/21 dz)","uni/peso":"kg","menor":"1.27","comun":"1.37","maior":"1.47","quilo":"1"},{"produto":"laranja pera","classificação":"a (9/12 dz)","uni/peso":"kg","menor":"1.46","comun":"1.56","maior":"1.66","quilo":"1"},{"produto":"laranja pera","classificação":"b (13/15 dz)","uni/peso":"kg","menor":"1.23","comun":"1.32","maior":"1.42","quilo":"1"},{"produto":"laranja pera","classificação":"c (16/21 dz)","uni/peso":"kg","menor":"1.05","comun":"1.12","maior":"1.22","quilo":"1"},{"produto":"laranja seleta","classificação":"a (8/10 dz)","uni/peso":"kg","menor":"1.26","comun":"1.36","maior":"1.46","quilo":"1"},{"produto":"laranja seleta","classificação":"b (11/13 dz)","uni/peso":"kg","menor":"1.07","comun":"1.17","maior":"1.27","quilo":"1"},{"produto":"laranja seleta","classificação":"c (18/21 dz)","uni/peso":"kg","menor":"0.89","comun":"0.99","maior":"1.09","quilo":"1"},{"produto":"lima persia","classificação":"a (9/10 dz)","uni/peso":"kg","menor":"3.1","comun":"3.4","maior":"3.7","quilo":"1"},{"produto":"lima persia","classificação":"b (13/15 dz)","uni/peso":"kg","menor":"2.46","comun":"2.76","maior":"3.06","quilo":"1"},{"produto":"lima persia","classificação":"c (18/24 dz)","uni/peso":"kg","menor":"1.82","comun":"2.12","maior":"2.42","quilo":"1"},{"produto":"limao taiti","classificação":"a (15/18 dz)","uni/peso":"kg","menor":"2.41","comun":"2.51","maior":"2.61","quilo":"1"},{"produto":"limao taiti","classificação":"b (21/27 dz)","uni/peso":"kg","menor":"2.01","comun":"2.11","maior":"2.21","quilo":"1"},{"produto":"limao taiti","classificação":"c (+ de 31 dz)","uni/peso":"kg","menor":"1.61","comun":"1.71","maior":"1.81","quilo":"1"},{"produto":"maca estrang. red del","classificação":"80-163 frutos","uni/peso":"kg","menor":"5.97","comun":"6.78","maior":"7.65","quilo":"1"},{"produto":"maca estrang. granny smith","classificação":"80-162 frutos","uni/peso":"kg","menor":"5.1","comun":"5.72","maior":"6.47","quilo":"1"},{"produto":"maca nacional fuji","classificação":"80-150 frutos","uni/peso":"kg","menor":"5.74","comun":"5.99","maior":"6.34","quilo":"1"},{"produto":"maca nacional fuji","classificação":"163-180 frutos","uni/peso":"kg","menor":"5","comun":"5.33","maior":"5.66","quilo":"1"},{"produto":"maca nacional gala","classificação":"80-150 frutos","uni/peso":"kg","menor":"5.3","comun":"5.62","maior":"5.87","quilo":"1"},{"produto":"maca nacional gala","classificação":"163-180 frutos","uni/peso":"kg","menor":"4.63","comun":"4.99","maior":"5.3","quilo":"1"},{"produto":"mamao formosa","classificação":"a","uni/peso":"kg","menor":"5.33","comun":"5.74","maior":"6.14","quilo":"1"},{"produto":"mamao formosa","classificação":"b","uni/peso":"kg","menor":"4.28","comun":"4.7","maior":"5.13","quilo":"1"},{"produto":"mamao havai","classificação":"12 frutos","uni/peso":"kg","menor":"5.78","comun":"6.09","maior":"6.38","quilo":"1"},{"produto":"mamao havai","classificação":"15 frutos","uni/peso":"kg","menor":"6.22","comun":"6.53","maior":"6.83","quilo":"1"},{"produto":"mamao havai","classificação":"18 frutos","uni/peso":"kg","menor":"6.07","comun":"6.34","maior":"6.61","quilo":"1"},{"produto":"mamao havai","classificação":"21 frutos","uni/peso":"kg","menor":"5.45","comun":"5.75","maior":"6.04","quilo":"1"},{"produto":"mamao havai","classificação":"24/28 frutos","uni/peso":"kg","menor":"4.59","comun":"4.87","maior":"5.14","quilo":"1"},{"produto":"manga palmer","classificação":"9 frutos","uni/peso":"kg","menor":"4.15","comun":"4.37","maior":"4.57","quilo":"1"},{"produto":"manga palmer","classificação":"12 frutos","uni/peso":"kg","menor":"4.18","comun":"4.41","maior":"4.61","quilo":"1"},{"produto":"manga palmer","classificação":"15 frutos","uni/peso":"kg","menor":"3.69","comun":"3.91","maior":"4.12","quilo":"1"},{"produto":"manga palmer","classificação":"18 frutos","uni/peso":"kg","menor":"3","comun":"3.28","maior":"3.55","quilo":"1"},{"produto":"manga tommy atkins","classificação":"12 frutos","uni/peso":"kg","menor":"4","comun":"4.23","maior":"4.43","quilo":"1"},{"produto":"manga tommy atkins","classificação":"15 frutos","uni/peso":"kg","menor":"3.51","comun":"3.71","maior":"3.94","quilo":"1"},{"produto":"manga tommy atkins","classificação":"18 frutos","uni/peso":"kg","menor":"3.04","comun":"3.25","maior":"3.45","quilo":"1"},{"produto":"maracuja azedo","classificação":"a","uni/peso":"kg","menor":"3.68","comun":"3.96","maior":"4.18","quilo":"1"},{"produto":"maracuja azedo","classificação":"b","uni/peso":"kg","menor":"3.14","comun":"3.37","maior":"3.62","quilo":"1"},{"produto":"maracuja azedo","classificação":"c","uni/peso":"kg","menor":"2.53","comun":"2.79","maior":"3.05","quilo":"1"},{"produto":"maracuja doce","classificação":"8 frutos","uni/peso":"kg","menor":"5.32","comun":"5.86","maior":"6.38","quilo":"1"},{"produto":"maracuja doce","classificação":"10 frutos","uni/peso":"kg","menor":"5.32","comun":"5.86","maior":"6.38","quilo":"1"},{"produto":"maracuja doce","classificação":"12 frutos","uni/peso":"kg","menor":"4.13","comun":"4.67","maior":"5.19","quilo":"1"},{"produto":"maracuja doce","classificação":"15 frutos","uni/peso":"kg","menor":"3.13","comun":"3.58","maior":"4","quilo":"1"},{"produto":"melancia redon/comprida","classificação":"grauda maior 10","uni/peso":"kg","menor":"2.06","comun":"2.16","maior":"2.26","quilo":"1"},{"produto":"melancia redon/comprida","classificação":"media de 7 a 10","uni/peso":"kg","menor":"1.75","comun":"1.85","maior":"1.95","quilo":"1"},{"produto":"melancia redon/comprida","classificação":"miuda menor 7 k","uni/peso":"kg","menor":"1.52","comun":"1.62","maior":"1.72","quilo":"1"},{"produto":"melao amarelo","classificação":"6/7 frutos","uni/peso":"kg","menor":"2.87","comun":"2.99","maior":"3.1","quilo":"1"},{"produto":"melao amarelo","classificação":"8/9 frutos","uni/peso":"kg","menor":"2.87","comun":"2.98","maior":"3.1","quilo":"1"},{"produto":"melao amarelo","classificação":"10/11 frutos","uni/peso":"kg","menor":"2.65","comun":"2.76","maior":"2.86","quilo":"1"},{"produto":"melao amarelo","classificação":"12/14 frutos","uni/peso":"kg","menor":"2.39","comun":"2.51","maior":"2.63","quilo":"1"},{"produto":"mexerica rio","classificação":"a","uni/peso":"kg","menor":"4.8","comun":"4.9","maior":"5","quilo":"1"},{"produto":"mexerica rio","classificação":"b","uni/peso":"kg","menor":"4.4","comun":"4.5","maior":"4.6","quilo":"1"}]},{"nome":"legumes","tentativas":1,"log":"06/04/2016","produtos":[{"produto":"abobora japonesa","classificação":"-","uni/peso":"kg","menor":"2.53","comun":"2.72","maior":"2.96","quilo":"1"},{"produto":"abobora seca","classificação":"-","uni/peso":"kg","menor":"2.08","comun":"2.5","maior":"2.99","quilo":"1"},{"produto":"abobora moranga","classificação":"-","uni/peso":"kg","menor":"1.55","comun":"1.75","maior":"1.94","quilo":"1"},{"produto":"abobora paulista","classificação":"-","uni/peso":"kg","menor":"1.97","comun":"2.21","maior":"2.37","quilo":"1"},{"produto":"abobrinha brasileira","classificação":"extra aa","uni/peso":"kg","menor":"2.45","comun":"2.66","maior":"2.84","quilo":"1"},{"produto":"abobrinha brasileira","classificação":"extra a","uni/peso":"kg","menor":"1.96","comun":"2.2","maior":"2.4","quilo":"1"},{"produto":"abobrinha brasileira","classificação":"extra","uni/peso":"kg","menor":"1.52","comun":"1.71","maior":"1.91","quilo":"1"},{"produto":"abobrinha italiana","classificação":"extra aa","uni/peso":"kg","menor":"3.05","comun":"3.29","maior":"3.5","quilo":"1"},{"produto":"abobrinha italiana","classificação":"extra a","uni/peso":"kg","menor":"2.43","comun":"2.71","maior":"2.98","quilo":"1"},{"produto":"abobrinha italiana","classificação":"extra","uni/peso":"kg","menor":"1.82","comun":"2.09","maior":"2.35","quilo":"1"},{"produto":"batata doce amarela","classificação":"extra aa","uni/peso":"kg","menor":"2.78","comun":"2.89","maior":"2.98","quilo":"1"},{"produto":"batata doce amarela","classificação":"extra a","uni/peso":"kg","menor":"2.45","comun":"2.55","maior":"2.65","quilo":"1"},{"produto":"batata doce amarela","classificação":"extra","uni/peso":"kg","menor":"2.1","comun":"2.2","maior":"2.3","quilo":"1"},{"produto":"batata doce rosada","classificação":"extra aa","uni/peso":"kg","menor":"2.55","comun":"2.68","maior":"2.79","quilo":"1"},{"produto":"batata doce rosada","classificação":"extra a","uni/peso":"kg","menor":"2.16","comun":"2.29","maior":"2.42","quilo":"1"},{"produto":"batata doce rosada","classificação":"extra","uni/peso":"kg","menor":"1.67","comun":"1.84","maior":"2.01","quilo":"1"},{"produto":"berinjela conserva","classificação":"extra","uni/peso":"kg","menor":"4","comun":"4.5","maior":"5","quilo":"1"},{"produto":"berinjela conserva","classificação":"especial","uni/peso":"kg","menor":"3","comun":"3.5","maior":"4","quilo":"1"},{"produto":"berinjela conserva","classificação":"primeira","uni/peso":"kg","menor":"2","comun":"2.5","maior":"3","quilo":"1"},{"produto":"berinjela japonesa","classificação":"extra","uni/peso":"kg","menor":"2.73","comun":"3.12","maior":"3.46","quilo":"1"},{"produto":"berinjela japonesa","classificação":"especial","uni/peso":"kg","menor":"2","comun":"2.34","maior":"2.73","quilo":"1"},{"produto":"berinjela japonesa","classificação":"primeira","uni/peso":"kg","menor":"1.23","comun":"1.64","maior":"2","quilo":"1"},{"produto":"berinjela","classificação":"extra aa","uni/peso":"kg","menor":"2.38","comun":"2.55","maior":"2.71","quilo":"1"},{"produto":"berinjela","classificação":"extra a","uni/peso":"kg","menor":"1.99","comun":"2.15","maior":"2.31","quilo":"1"},{"produto":"berinjela","classificação":"extra","uni/peso":"kg","menor":"1.59","comun":"1.77","maior":"1.93","quilo":"1"},{"produto":"beterraba","classificação":"extra aa","uni/peso":"kg","menor":"3.71","comun":"3.92","maior":"4.09","quilo":"1"},{"produto":"beterraba","classificação":"extra a","uni/peso":"kg","menor":"3.08","comun":"3.29","maior":"3.51","quilo":"1"},{"produto":"beterraba","classificação":"extra","uni/peso":"kg","menor":"2.36","comun":"2.63","maior":"2.83","quilo":"1"},{"produto":"cara","classificação":"extra a","uni/peso":"kg","menor":"1.94","comun":"2.1","maior":"2.26","quilo":"1"},{"produto":"cara","classificação":"extra","uni/peso":"kg","menor":"1.45","comun":"1.61","maior":"1.78","quilo":"1"},{"produto":"cenoura","classificação":"extra aa","uni/peso":"kg","menor":"4.06","comun":"4.25","maior":"4.41","quilo":"1"},{"produto":"cenoura","classificação":"extra a","uni/peso":"kg","menor":"3.39","comun":"3.6","maior":"3.83","quilo":"1"},{"produto":"cenoura","classificação":"extra","uni/peso":"kg","menor":"2.62","comun":"2.8","maior":"2.99","quilo":"1"},{"produto":"chuchu","classificação":"extra aa","uni/peso":"kg","menor":"1.8","comun":"1.96","maior":"2.08","quilo":"1"},{"produto":"chuchu","classificação":"extra a","uni/peso":"kg","menor":"1.46","comun":"1.61","maior":"1.74","quilo":"1"},{"produto":"chuchu","classificação":"extra","uni/peso":"kg","menor":"1.15","comun":"1.27","maior":"1.4","quilo":"1"},{"produto":"cogumelo (250 gramas)","classificação":"-","uni/peso":"pct","menor":"4.79","comun":"5.35","maior":"5.91","quilo":"0.25"},{"produto":"ervilha torta","classificação":"extra aa","uni/peso":"kg","menor":"10","comun":"11","maior":"12.03","quilo":"1"},{"produto":"ervilha torta","classificação":"extra a","uni/peso":"kg","menor":"7.97","comun":"8.97","maior":"9.97","quilo":"1"},{"produto":"ervilha torta","classificação":"extra","uni/peso":"kg","menor":"5.93","comun":"6.93","maior":"7.93","quilo":"1"},{"produto":"tomate sweet grape","classificação":"extra aa","uni/peso":"kg","menor":"5.39","comun":"6.37","maior":"7.67","quilo":"1"},{"produto":"gengibre","classificação":"-","uni/peso":"kg","menor":"3.03","comun":"3.43","maior":"3.84","quilo":"1"},{"produto":"inhame","classificação":"extra a","uni/peso":"kg","menor":"3.1","comun":"3.24","maior":"3.37","quilo":"1"},{"produto":"inhame","classificação":"extra","uni/peso":"kg","menor":"2.71","comun":"2.85","maior":"2.99","quilo":"1"},{"produto":"inhame","classificação":"especial","uni/peso":"kg","menor":"2.14","comun":"2.35","maior":"2.55","quilo":"1"},{"produto":"jilo redondo","classificação":"extra aa","uni/peso":"kg","menor":"2.49","comun":"2.69","maior":"2.92","quilo":"1"},{"produto":"jilo redondo","classificação":"extra a","uni/peso":"kg","menor":"2.03","comun":"2.25","maior":"2.45","quilo":"1"},{"produto":"jilo redondo","classificação":"extra","uni/peso":"kg","menor":"1.47","comun":"1.73","maior":"2","quilo":"1"},{"produto":"mandioca","classificação":"grauda","uni/peso":"kg","menor":"0.89","comun":"0.99","maior":"1.08","quilo":"1"},{"produto":"mandioca","classificação":"media","uni/peso":"kg","menor":"0.69","comun":"0.79","maior":"0.88","quilo":"1"},{"produto":"mandioca","classificação":"miuda","uni/peso":"kg","menor":"0.49","comun":"0.59","maior":"0.68","quilo":"1"},{"produto":"mandioquinha","classificação":"extra aaa","uni/peso":"kg","menor":"5.26","comun":"5.55","maior":"5.84","quilo":"1"},{"produto":"mandioquinha","classificação":"extra aa","uni/peso":"kg","menor":"4.29","comun":"4.58","maior":"4.87","quilo":"1"},{"produto":"mandioquinha","classificação":"extra a","uni/peso":"kg","menor":"2.96","comun":"3.45","maior":"3.94","quilo":"1"},{"produto":"maxixe","classificação":"-","uni/peso":"kg","menor":"4.13","comun":"4.5","maior":"4.83","quilo":"1"},{"produto":"pepino caipira","classificação":"extra aa","uni/peso":"kg","menor":"1.2","comun":"1.31","maior":"1.42","quilo":"1"},{"produto":"pepino caipira","classificação":"extra a","uni/peso":"kg","menor":"0.99","comun":"1.09","maior":"1.19","quilo":"1"},{"produto":"pepino caipira","classificação":"extra","uni/peso":"kg","menor":"0.69","comun":"0.79","maior":"0.89","quilo":"1"},{"produto":"pepino comum","classificação":"extra aa","uni/peso":"kg","menor":"1.14","comun":"1.24","maior":"1.33","quilo":"1"},{"produto":"pepino comum","classificação":"extra a","uni/peso":"kg","menor":"1.01","comun":"1.11","maior":"1.13","quilo":"1"},{"produto":"pepino comum","classificação":"extra","uni/peso":"kg","menor":"0.8","comun":"0.91","maior":"1","quilo":"1"},{"produto":"pepino japones","classificação":"extra aa","uni/peso":"kg","menor":"2.01","comun":"2.12","maior":"2.23","quilo":"1"},{"produto":"pepino japones","classificação":"extra a","uni/peso":"kg","menor":"1.66","comun":"1.79","maior":"1.92","quilo":"1"},{"produto":"pepino japones","classificação":"extra","uni/peso":"kg","menor":"1.28","comun":"1.41","maior":"1.54","quilo":"1"},{"produto":"pimenta * vermelha","classificação":"extra aa","uni/peso":"kg","menor":"7.5","comun":"8.5","maior":"9.5","quilo":"1"},{"produto":"pimenta * vermelha","classificação":"extra a","uni/peso":"kg","menor":"5.5","comun":"6.5","maior":"7.5","quilo":"1"},{"produto":"pimenta cambuci","classificação":"extra aa","uni/peso":"kg","menor":"3.61","comun":"4.23","maior":"4.84","quilo":"1"},{"produto":"pimenta cambuci","classificação":"extra a","uni/peso":"kg","menor":"2.49","comun":"2.95","maior":"3.39","quilo":"1"},{"produto":"pimenta verde americana","classificação":"extra aa","uni/peso":"kg","menor":"3.92","comun":"4.19","maior":"4.46","quilo":"1"},{"produto":"pimenta verde americana","classificação":"extra a","uni/peso":"kg","menor":"3.49","comun":"3.71","maior":"3.94","quilo":"1"},{"produto":"pimenta verde americana","classificação":"extra","uni/peso":"kg","menor":"2.9","comun":"3.13","maior":"3.35","quilo":"1"},{"produto":"pimentao verde","classificação":"extra aa","uni/peso":"kg","menor":"3.71","comun":"4.01","maior":"4.27","quilo":"1"},{"produto":"pimentao verde","classificação":"extra a","uni/peso":"kg","menor":"3.09","comun":"3.34","maior":"3.6","quilo":"1"},{"produto":"pimentao verde","classificação":"extra","uni/peso":"kg","menor":"2.52","comun":"2.79","maior":"3","quilo":"1"},{"produto":"pimentao vermelho","classificação":"extra aa","uni/peso":"kg","menor":"4.63","comun":"5.17","maior":"5.67","quilo":"1"},{"produto":"pimentao vermelho","classificação":"extra a","uni/peso":"kg","menor":"3.66","comun":"4.06","maior":"4.43","quilo":"1"},{"produto":"pimentao vermelho","classificação":"extra","uni/peso":"kg","menor":"2.79","comun":"3.19","maior":"3.54","quilo":"1"},{"produto":"pimentao amarelo","classificação":"extra aa","uni/peso":"kg","menor":"4.16","comun":"5.54","maior":"6.91","quilo":"1"},{"produto":"quiabo liso","classificação":"extra aa","uni/peso":"kg","menor":"4.6","comun":"4.82","maior":"5.12","quilo":"1"},{"produto":"quiabo liso","classificação":"extra a","uni/peso":"kg","menor":"3.9","comun":"4.14","maior":"4.35","quilo":"1"},{"produto":"quiabo liso","classificação":"extra","uni/peso":"kg","menor":"3.2","comun":"3.42","maior":"3.65","quilo":"1"},{"produto":"tomate maduro","classificação":"extra aa","uni/peso":"kg","menor":"3.01","comun":"3.27","maior":"3.46","quilo":"1"},{"produto":"tomate maduro","classificação":"extra a","uni/peso":"kg","menor":"2.32","comun":"2.65","maior":"2.92","quilo":"1"},{"produto":"tomate maduro","classificação":"extra","uni/peso":"kg","menor":"1.71","comun":"2.08","maior":"2.27","quilo":"1"},{"produto":"tomate salada","classificação":"extra aa","uni/peso":"kg","menor":"3.01","comun":"3.22","maior":"3.44","quilo":"1"},{"produto":"tomate salada","classificação":"extra a","uni/peso":"kg","menor":"2.27","comun":"2.58","maior":"2.88","quilo":"1"},{"produto":"tomate salada","classificação":"extra","uni/peso":"kg","menor":"1.7","comun":"1.95","maior":"2.19","quilo":"1"},{"produto":"tomate caqui","classificação":"extra aa","uni/peso":"kg","menor":"3.89","comun":"4.75","maior":"5.64","quilo":"1"},{"produto":"tomate cereja","classificação":"extra aa","uni/peso":"kg","menor":"4.33","comun":"5.09","maior":"6.02","quilo":"1"},{"produto":"vagem macarrao curta","classificação":"extra aa","uni/peso":"kg","menor":"4.66","comun":"5.07","maior":"5.6","quilo":"1"},{"produto":"vagem macarrao curta","classificação":"extra a","uni/peso":"kg","menor":"3.97","comun":"4.41","maior":"4.85","quilo":"1"},{"produto":"vagem macarrao curta","classificação":"extra","uni/peso":"kg","menor":"2.88","comun":"3.33","maior":"3.65","quilo":"1"}]},{"nome":"verduras","tentativas":1,"log":"06/04/2016","produtos":[{"produto":"acelga","classificação":"extra","uni/peso":"eng","menor":"20.27","comun":"21.27","maior":"22.27","quilo":"12"},{"produto":"acelga","classificação":"especial","uni/peso":"eng","menor":"17.43","comun":"18.43","maior":"19.43","quilo":"12"},{"produto":"acelga","classificação":"primeira","uni/peso":"eng","menor":"13.21","comun":"14.21","maior":"15.21","quilo":"12"},{"produto":"agriao","classificação":"extra","uni/peso":"eng","menor":"44.98","comun":"48.74","maior":"51.88","quilo":"12"},{"produto":"agriao","classificação":"especial","uni/peso":"eng","menor":"38.07","comun":"40.6","maior":"43.12","quilo":"12"},{"produto":"agriao","classificação":"primeira","uni/peso":"eng","menor":"28.07","comun":"31.83","maior":"34.98","quilo":"12"},{"produto":"alface americana","classificação":"extra","uni/peso":"eng","menor":"23.39","comun":"24.44","maior":"25.49","quilo":"10"},{"produto":"alface americana","classificação":"especial","uni/peso":"eng","menor":"21.53","comun":"22.55","maior":"23.57","quilo":"10"},{"produto":"alface americana","classificação":"primeira","uni/peso":"eng","menor":"16.58","comun":"17.86","maior":"19.14","quilo":"10"},{"produto":"alface crespa","classificação":"extra","uni/peso":"eng","menor":"21.27","comun":"22.79","maior":"24.47","quilo":"7"},{"produto":"alface crespa","classificação":"especial","uni/peso":"eng","menor":"17.8","comun":"19.26","maior":"20.71","quilo":"7"},{"produto":"alface crespa","classificação":"primeira","uni/peso":"eng","menor":"13.22","comun":"14.67","maior":"16.11","quilo":"7"},{"produto":"alface romana","classificação":"-","uni/peso":"eng","menor":"15","comun":"19.34","maior":"23.36","quilo":"8"},{"produto":"alface lisa","classificação":"extra","uni/peso":"eng","menor":"21.75","comun":"23.36","maior":"25.24","quilo":"8"},{"produto":"alface lisa","classificação":"especial","uni/peso":"eng","menor":"17.42","comun":"19.16","maior":"20.91","quilo":"8"},{"produto":"alface lisa","classificação":"primeira","uni/peso":"eng","menor":"13.13","comun":"14.87","maior":"16.61","quilo":"8"},{"produto":"alho porro","classificação":"extra","uni/peso":"dzmc","menor":"20.38","comun":"22.33","maior":"23.8","quilo":"2"},{"produto":"alho porro","classificação":"especial","uni/peso":"dzmc","menor":"16.94","comun":"18.94","maior":"20.45","quilo":"2"},{"produto":"alho porro","classificação":"primeira","uni/peso":"dzmc","menor":"13.38","comun":"15.37","maior":"16.86","quilo":"2"},{"produto":"almeirao","classificação":"extra","uni/peso":"dzmc","menor":"30.86","comun":"33.86","maior":"36.51","quilo":"6"},{"produto":"almeirao","classificação":"especial","uni/peso":"dzmc","menor":"25.87","comun":"27.48","maior":"28.93","quilo":"6"},{"produto":"almeirao","classificação":"primeira","uni/peso":"dzmc","menor":"20.86","comun":"22.56","maior":"23.91","quilo":"6"},{"produto":"almeirao pao de acucar","classificação":"extra","uni/peso":"dzmc","menor":"31.85","comun":"34.48","maior":"36.67","quilo":"12"},{"produto":"almeirao pao de acucar","classificação":"especial","uni/peso":"dzmc","menor":"26.95","comun":"29.5","maior":"31.41","quilo":"12"},{"produto":"almeirao pao de acucar","classificação":"primeira","uni/peso":"dzmc","menor":"23.08","comun":"25.72","maior":"27.73","quilo":"12"},{"produto":"aspargo","classificação":"-","uni/peso":"mc","menor":"15","comun":"18","maior":"20","quilo":"0.5"},{"produto":"beterraba c/fol","classificação":"extra","uni/peso":"eng","menor":"29.56","comun":"32.2","maior":"34.56","quilo":"20"},{"produto":"beterraba c/fol","classificação":"especial","uni/peso":"eng","menor":"24.55","comun":"27.18","maior":"29.55","quilo":"20"},{"produto":"beterraba c/fol","classificação":"primeira","uni/peso":"eng","menor":"19.56","comun":"22.2","maior":"24.56","quilo":"20"},{"produto":"brocolos","classificação":"extra","uni/peso":"dzmc","menor":"56.65","comun":"62.03","maior":"66.76","quilo":"15"},{"produto":"brocolos","classificação":"especial","uni/peso":"dzmc","menor":"46.54","comun":"50.61","maior":"54.67","quilo":"15"},{"produto":"brocolos ninja","classificação":"-","uni/peso":"eng","menor":"21.49","comun":"25.18","maior":"28.6","quilo":"8"},{"produto":"catalonha","classificação":"-","uni/peso":"dzmc","menor":"18.95","comun":"22.56","maior":"25.48","quilo":"6"},{"produto":"cebolinha","classificação":"extra","uni/peso":"mc","menor":"10.63","comun":"11.65","maior":"12.68","quilo":"1.35"},{"produto":"cebolinha","classificação":"especial","uni/peso":"mc","menor":"7.86","comun":"9.05","maior":"10.23","quilo":"1.2"},{"produto":"cenoura c/folha","classificação":"extra","uni/peso":"eng","menor":"27.61","comun":"30.42","maior":"32.61","quilo":"20"},{"produto":"cenoura c/folha","classificação":"especial","uni/peso":"eng","menor":"22.62","comun":"24.98","maior":"27.62","quilo":"20"},{"produto":"cenoura c/folha","classificação":"primeira","uni/peso":"eng","menor":"17.61","comun":"20.42","maior":"22.61","quilo":"20"},{"produto":"chicoria","classificação":"-","uni/peso":"dzmc","menor":"17.67","comun":"21.61","maior":"25.01","quilo":"6"},{"produto":"coentro","classificação":"extra","uni/peso":"dzmc","menor":"61.53","comun":"93.4","maior":"102.57","quilo":"6"},{"produto":"coentro","classificação":"especial","uni/peso":"dzmc","menor":"62.28","comun":"72.28","maior":"82.28","quilo":"6"},{"produto":"couve","classificação":"extra","uni/peso":"dzmc","menor":"22.93","comun":"24.13","maior":"25.3","quilo":"6"},{"produto":"couve","classificação":"especial","uni/peso":"dzmc","menor":"20.42","comun":"21.47","maior":"22.51","quilo":"6"},{"produto":"couve","classificação":"primeira","uni/peso":"dzmc","menor":"15.78","comun":"17.16","maior":"18.38","quilo":"6"},{"produto":"couve bruxelas","classificação":"extra","uni/peso":"pct","menor":"5.6","comun":"6.6","maior":"7.6","quilo":"0.25"},{"produto":"couve flor","classificação":"extra","uni/peso":"eng","menor":"23.18","comun":"24.36","maior":"25.52","quilo":"8"},{"produto":"couve flor","classificação":"especial","uni/peso":"eng","menor":"20.42","comun":"21.44","maior":"22.48","quilo":"8"},{"produto":"couve flor","classificação":"primeira","uni/peso":"eng","menor":"16.2","comun":"17.26","maior":"18.28","quilo":"8"},{"produto":"erva doce","classificação":"extra","uni/peso":"dzmc","menor":"32.29","comun":"34.57","maior":"36.85","quilo":"8"},{"produto":"erva doce","classificação":"especial","uni/peso":"dzmc","menor":"27.58","comun":"30.19","maior":"32.14","quilo":"8"},{"produto":"erva doce","classificação":"primeira","uni/peso":"dzmc","menor":"22.58","comun":"24.87","maior":"27.14","quilo":"8"},{"produto":"escarola","classificação":"extra","uni/peso":"eng","menor":"21.3","comun":"22.75","maior":"24.33","quilo":"8"},{"produto":"escarola","classificação":"especial","uni/peso":"eng","menor":"18.03","comun":"19.46","maior":"20.89","quilo":"8"},{"produto":"escarola","classificação":"primeira","uni/peso":"eng","menor":"13.88","comun":"15.29","maior":"16.7","quilo":"8"},{"produto":"espinafre","classificação":"extra","uni/peso":"dzmc","menor":"34.8","comun":"37.48","maior":"39.65","quilo":"6"},{"produto":"espinafre","classificação":"especial","uni/peso":"dzmc","menor":"29.99","comun":"31.68","maior":"33.46","quilo":"6"},{"produto":"espinafre","classificação":"primeira","uni/peso":"dzmc","menor":"24.99","comun":"27.4","maior":"29.29","quilo":"6"},{"produto":"gobo","classificação":"extra","uni/peso":"mc","menor":"8.25","comun":"10.25","maior":"12.82","quilo":"1"},{"produto":"hortela","classificação":"-","uni/peso":"mc","menor":"2.72","comun":"3.59","maior":"4.47","quilo":"0.15"},{"produto":"louro","classificação":"-","uni/peso":"mc","menor":"2","comun":"2.5","maior":"3","quilo":"0.2"},{"produto":"milho verde","classificação":"extra","uni/peso":"kg","menor":"0.87","comun":"0.97","maior":"1.02","quilo":"1"},{"produto":"milho verde","classificação":"especial","uni/peso":"kg","menor":"0.67","comun":"0.77","maior":"0.86","quilo":"1"},{"produto":"milho verde","classificação":"primeira","uni/peso":"kg","menor":"0.47","comun":"0.57","maior":"0.66","quilo":"1"},{"produto":"moiashi","classificação":"-","uni/peso":"pct","menor":"3.4","comun":"3.74","maior":"3.99","quilo":"0.5"},{"produto":"mostarda","classificação":"-","uni/peso":"dzmc","menor":"21.7","comun":"26.19","maior":"30.85","quilo":"6"},{"produto":"nabo","classificação":"extra","uni/peso":"mc","menor":"13.13","comun":"14.13","maior":"15.13","quilo":"3"},{"produto":"nabo","classificação":"especial","uni/peso":"mc","menor":"10.6","comun":"11.6","maior":"12.6","quilo":"3"},{"produto":"nabo","classificação":"primeira","uni/peso":"mc","menor":"7.31","comun":"8.31","maior":"9.31","quilo":"3"},{"produto":"oregano","classificação":"-","uni/peso":"mc","menor":"2.21","comun":"2.97","maior":"3.73","quilo":"0.15"},{"produto":"palmito pupunha","classificação":"-","uni/peso":"pc","menor":"9.14","comun":"10.57","maior":"12","quilo":"2.5"},{"produto":"rabanete","classificação":"extra","uni/peso":"dzmc","menor":"32.38","comun":"34.46","maior":"36.8","quilo":"10"},{"produto":"rabanete","classificação":"especial","uni/peso":"dzmc","menor":"27.38","comun":"29.94","maior":"31.8","quilo":"10"},{"produto":"rabanete","classificação":"primeira","uni/peso":"dzmc","menor":"22.38","comun":"24.46","maior":"26.8","quilo":"10"},{"produto":"repolho liso","classificação":"extra","uni/peso":"eng","menor":"28.74","comun":"32.75","maior":"36.76","quilo":"25"},{"produto":"repolho roxo","classificação":"extra","uni/peso":"eng","menor":"42.58","comun":"47.61","maior":"52.64","quilo":"25"},{"produto":"rucula","classificação":"-","uni/peso":"dzmc","menor":"28.19","comun":"31.19","maior":"33.19","quilo":"6"},{"produto":"salsa","classificação":"-","uni/peso":"mc","menor":"19.64","comun":"23.04","maior":"25.71","quilo":"2.5"},{"produto":"salsao branco/verde","classificação":"extra","uni/peso":"dzmc","menor":"36.34","comun":"38.92","maior":"41.36","quilo":"10"},{"produto":"salsao branco/verde","classificação":"especial","uni/peso":"dzmc","menor":"31.34","comun":"34.21","maior":"36.34","quilo":"10"},{"produto":"salsao branco/verde","classificação":"primeira","uni/peso":"dzmc","menor":"26.34","comun":"28.92","maior":"31.34","quilo":"10"},{"produto":"manjericço","classificação":"-","uni/peso":"m","menor":"1.5","comun":"1.8","maior":"2","quilo":"0.15"},{"produto":"alface crespa","classificação":"hidroponica","uni/peso":"eng","menor":"24.1","comun":"26.86","maior":"29.42","quilo":"4"},{"produto":"alface lisa","classificação":"hidroponica","uni/peso":"eng","menor":"24.38","comun":"27.6","maior":"30.55","quilo":"4"},{"produto":"alface mimosa","classificação":"hidroponica","uni/peso":"eng","menor":"24.38","comun":"27.6","maior":"30.55","quilo":"4"},{"produto":"agriao","classificação":"hidroponico","uni/peso":"eng","menor":"33.83","comun":"39.6","maior":"45.11","quilo":"4"},{"produto":"escarola","classificação":"hidroponica","uni/peso":"eng","menor":"26.35","comun":"29.78","maior":"33.74","quilo":"4"},{"produto":"rucula","classificação":"hidroponica","uni/peso":"eng","menor":"28.58","comun":"34.75","maior":"40.51","quilo":"5"}]},{"nome":"diversos","tentativas":1,"log":"06/04/2016","produtos":[{"produto":"alho","classificação":"tipo 7","uni/peso":"kg","menor":"22.62","comun":"23.43","maior":"24.24","quilo":"1"},{"produto":"alho","classificação":"tipo 6","uni/peso":"kg","menor":"21.62","comun":"22.12","maior":"22.62","quilo":"1"},{"produto":"alho","classificação":"tipo 5","uni/peso":"kg","menor":"20.24","comun":"20.93","maior":"21.62","quilo":"1"},{"produto":"alho estrang. argentino","classificação":"tipo 7","uni/peso":"kg","menor":"19.84","comun":"20.34","maior":"20.84","quilo":"1"},{"produto":"alho estrang. argentino","classificação":"tipo 6","uni/peso":"kg","menor":"18.84","comun":"19.34","maior":"19.84","quilo":"1"},{"produto":"alho estrang. argentino","classificação":"tipo 5","uni/peso":"kg","menor":"17.84","comun":"18.34","maior":"18.84","quilo":"1"},{"produto":"alho estrang. chines","classificação":"-","uni/peso":"kg","menor":"15","comun":"16","maior":"17","quilo":"1"},{"produto":"amendoim com casca","classificação":"-","uni/peso":"sc","menor":"134.49","comun":"135.75","maior":"137.28","quilo":"25"},{"produto":"amendoim s/casca","classificação":"-","uni/peso":"sc","menor":"210.82","comun":"214.28","maior":"217","quilo":"25"},{"produto":"batata escovada","classificação":"noiva","uni/peso":"kg","menor":"2.97","comun":"3.12","maior":"3.26","quilo":"1"},{"produto":"batata escovada","classificação":"especial","uni/peso":"kg","menor":"2.68","comun":"2.82","maior":"2.96","quilo":"1"},{"produto":"batata asterix","classificação":"especial","uni/peso":"kg","menor":"2.94","comun":"3.08","maior":"3.22","quilo":"1"},{"produto":"batata lavada","classificação":"noiva","uni/peso":"kg","menor":"3.18","comun":"3.28","maior":"3.38","quilo":"1"},{"produto":"batata lavada","classificação":"especial","uni/peso":"kg","menor":"2.9","comun":"3","maior":"3.1","quilo":"1"},{"produto":"batata lavada","classificação":"2a.bolinha","uni/peso":"kg","menor":"2.02","comun":"2.12","maior":"2.22","quilo":"1"},{"produto":"batata lavada","classificação":"florço","uni/peso":"kg","menor":"2.16","comun":"2.26","maior":"2.36","quilo":"1"},{"produto":"batata lavada","classificação":"1a.especialzinh","uni/peso":"kg","menor":"1.33","comun":"1.43","maior":"1.53","quilo":"1"},{"produto":"batata lavada","classificação":"boneca","uni/peso":"kg","menor":"1.25","comun":"1.35","maior":"1.45","quilo":"1"},{"produto":"canjica","classificação":"-","uni/peso":"kg","menor":"2","comun":"2.2","maior":"2.3","quilo":"1"},{"produto":"cebola roxa","classificação":"grauda","uni/peso":"kg","menor":"4.67","comun":"4.83","maior":"5","quilo":"1"},{"produto":"cebola roxa","classificação":"media","uni/peso":"kg","menor":"4.67","comun":"4.83","maior":"5","quilo":"1"},{"produto":"cebola roxa","classificação":"miuda","uni/peso":"kg","menor":"3.93","comun":"4.13","maior":"4.33","quilo":"1"},{"produto":"cebola nacional","classificação":"grauda","uni/peso":"kg","menor":"2.93","comun":"3.03","maior":"3.17","quilo":"1"},{"produto":"cebola nacional","classificação":"media","uni/peso":"kg","menor":"3.02","comun":"3.12","maior":"3.23","quilo":"1"},{"produto":"cebola nacional","classificação":"miuda","uni/peso":"kg","menor":"2.34","comun":"2.63","maior":"2.84","quilo":"1"},{"produto":"cebola estrang. holandesa","classificação":"grauda","uni/peso":"kg","menor":"1.75","comun":"2","maior":"2.25","quilo":"1"},{"produto":"cebola estrang. argentina","classificação":"grauda","uni/peso":"kg","menor":"2.91","comun":"3.02","maior":"3.16","quilo":"1"},{"produto":"cebola estrang. argentina","classificação":"media","uni/peso":"kg","menor":"3.09","comun":"3.2","maior":"3.33","quilo":"1"},{"produto":"cebola estrang. argentina","classificação":"miuda","uni/peso":"kg","menor":"2.34","comun":"2.63","maior":"2.85","quilo":"1"},{"produto":"coco seco","classificação":"-","uni/peso":"sc","menor":"51.26","comun":"53.12","maior":"55","quilo":"20"},{"produto":"ovos branco","classificação":"grande embalado","uni/peso":"bd","menor":"9.36","comun":"9.49","maior":"9.6","quilo":"1.8"},{"produto":"m.pipoca estran","classificação":"-","uni/peso":"sc","menor":"59.71","comun":"61.57","maior":"64.29","quilo":"22.6"},{"produto":"ovos branco","classificação":"extra","uni/peso":"cx","menor":"92.25","comun":"93.25","maior":"94.25","quilo":"23"},{"produto":"ovos branco","classificação":"grande","uni/peso":"cx","menor":"90.3","comun":"91.3","maior":"92.3","quilo":"20"},{"produto":"ovos branco","classificação":"medio","uni/peso":"cx","menor":"88.32","comun":"89.32","maior":"90.32","quilo":"18"},{"produto":"ovos branco","classificação":"pequeno","uni/peso":"cx","menor":"84.59","comun":"85.59","maior":"86.59","quilo":"17"},{"produto":"ovos branco","classificação":"extra embalado","uni/peso":"bd","menor":"9.65","comun":"9.79","maior":"9.95","quilo":"2"},{"produto":"ovos vermelho","classificação":"extra","uni/peso":"cx","menor":"101.93","comun":"102.93","maior":"103.93","quilo":"23"},{"produto":"ovos codorna","classificação":"-","uni/peso":"bd","menor":"2.31","comun":"2.42","maior":"2.52","quilo":"0.3"}]},{"nome":"flores","tentativas":3,"log":"06/04/2016","produtos":[]},{"nome":"pescados","tentativas":1,"log":"06/04/2016","produtos":[{"produto":"abrotea","classificação":"grande","uni/peso":"kg","menor":"6","comun":"6.5","maior":"7","quilo":"1"},{"produto":"abrotea","classificação":"media","uni/peso":"kg","menor":"4.5","comun":"4.8","maior":"5","quilo":"1"},{"produto":"abrotea","classificação":"pequena","uni/peso":"kg","menor":"2.5","comun":"2.8","maior":"3","quilo":"1"},{"produto":"anchovas congelada","classificação":"grande","uni/peso":"kg","menor":"13","comun":"13.5","maior":"14","quilo":"1"},{"produto":"betarra","classificação":"-","uni/peso":"kg","menor":"2","comun":"3","maior":"4","quilo":"1"},{"produto":"bonito","classificação":"-","uni/peso":"kg","menor":"2","comun":"2.5","maior":"3","quilo":"1"},{"produto":"cacao congelada","classificação":"grande","uni/peso":"kg","menor":"9","comun":"9.5","maior":"10","quilo":"1"},{"produto":"camarao ferro","classificação":"grande","uni/peso":"kg","menor":"26","comun":"28","maior":"30","quilo":"1"},{"produto":"camarao ferro","classificação":"medio","uni/peso":"kg","menor":"22","comun":"23","maior":"24","quilo":"1"},{"produto":"camarao ferro","classificação":"pequeno","uni/peso":"kg","menor":"18","comun":"19","maior":"20","quilo":"1"},{"produto":"cascote","classificação":"-","uni/peso":"kg","menor":"1.5","comun":"1.8","maior":"2","quilo":"1"},{"produto":"corvina","classificação":"grande","uni/peso":"kg","menor":"5","comun":"5.5","maior":"6","quilo":"1"},{"produto":"corvina","classificação":"media","uni/peso":"kg","menor":"3.5","comun":"3.8","maior":"4","quilo":"1"},{"produto":"corvina","classificação":"pequena","uni/peso":"kg","menor":"2.5","comun":"2.8","maior":"3","quilo":"1"},{"produto":"curimbata","classificação":"grande","uni/peso":"kg","menor":"7","comun":"7.5","maior":"8","quilo":"1"},{"produto":"curimbata","classificação":"medio","uni/peso":"kg","menor":"4","comun":"4.5","maior":"5","quilo":"1"},{"produto":"curimbata","classificação":"pequeno","uni/peso":"kg","menor":"2","comun":"2.5","maior":"3","quilo":"1"},{"produto":"dourado","classificação":"grande","uni/peso":"kg","menor":"16","comun":"17","maior":"18","quilo":"1"},{"produto":"espada","classificação":"medio","uni/peso":"kg","menor":"1.5","comun":"1.8","maior":"2","quilo":"1"},{"produto":"garoupa","classificação":"-","uni/peso":"kg","menor":"20","comun":"23","maior":"25","quilo":"1"},{"produto":"linguado","classificação":"grande","uni/peso":"kg","menor":"16","comun":"17","maior":"18","quilo":"1"},{"produto":"linguado","classificação":"medio","uni/peso":"kg","menor":"8","comun":"9","maior":"10","quilo":"1"},{"produto":"linguado","classificação":"pequeno","uni/peso":"kg","menor":"4","comun":"5","maior":"6","quilo":"1"},{"produto":"lula fresca","classificação":"segunda","uni/peso":"kg","menor":"10","comun":"11","maior":"12","quilo":"1"},{"produto":"manjuba","classificação":"-","uni/peso":"kg","menor":"6","comun":"6.5","maior":"7","quilo":"1"},{"produto":"mexilhao","classificação":"limpo","uni/peso":"kg","menor":"20","comun":"23","maior":"25","quilo":"1"},{"produto":"mistura","classificação":"-","uni/peso":"kg","menor":"1","comun":"1.3","maior":"1.5","quilo":"1"},{"produto":"salmao","classificação":"grande","uni/peso":"kg","menor":"35","comun":"36","maior":"37","quilo":"1"},{"produto":"pescada","classificação":"grande","uni/peso":"kg","menor":"12","comun":"12.5","maior":"13","quilo":"1"},{"produto":"pescada","classificação":"media","uni/peso":"kg","menor":"8","comun":"9","maior":"10","quilo":"1"},{"produto":"pescada","classificação":"pequena","uni/peso":"kg","menor":"6","comun":"6.5","maior":"7","quilo":"1"},{"produto":"pescada amarela","classificação":"-","uni/peso":"kg","menor":"25","comun":"28","maior":"30","quilo":"1"},{"produto":"pescada cumbucu","classificação":"grande","uni/peso":"kg","menor":"18","comun":"19","maior":"20","quilo":"1"},{"produto":"pescada goete","classificação":"grande","uni/peso":"kg","menor":"4.5","comun":"4.8","maior":"5","quilo":"1"},{"produto":"pescada goete","classificação":"media","uni/peso":"kg","menor":"4","comun":"4.3","maior":"4.5","quilo":"1"},{"produto":"pescada goete","classificação":"pequena","uni/peso":"kg","menor":"3","comun":"3.5","maior":"4","quilo":"1"},{"produto":"pescada maria mole","classificação":"grande","uni/peso":"kg","menor":"5.5","comun":"5.8","maior":"6","quilo":"1"},{"produto":"pescada maria mole","classificação":"media","uni/peso":"kg","menor":"3.5","comun":"3.8","maior":"4","quilo":"1"},{"produto":"pescada maria mole","classificação":"pequena","uni/peso":"kg","menor":"2.5","comun":"2.8","maior":"3","quilo":"1"},{"produto":"pescada tortinha","classificação":"-","uni/peso":"kg","menor":"3","comun":"3.5","maior":"4","quilo":"1"},{"produto":"pintado cativeiro","classificação":"-","uni/peso":"kg","menor":"10","comun":"10.5","maior":"11","quilo":"1"},{"produto":"polvo","classificação":"grande","uni/peso":"kg","menor":"25","comun":"26","maior":"27","quilo":"1"},{"produto":"robalo","classificação":"-","uni/peso":"kg","menor":"30","comun":"33","maior":"35","quilo":"1"},{"produto":"sardinha fresca","classificação":"grande","uni/peso":"kg","menor":"2.5","comun":"2.8","maior":"3","quilo":"1"},{"produto":"truta cativeiro","classificação":"-","uni/peso":"kg","menor":"17","comun":"18","maior":"19","quilo":"1"},{"produto":"sororoca","classificação":"-","uni/peso":"kg","menor":"10","comun":"11","maior":"12","quilo":"1"},{"produto":"tainha","classificação":"grande","uni/peso":"kg","menor":"7","comun":"7.5","maior":"8","quilo":"1"},{"produto":"tilapia cativeiro","classificação":"-","uni/peso":"kg","menor":"5.5","comun":"5.8","maior":"6","quilo":"1"},{"produto":"traira","classificação":"medio","uni/peso":"kg","menor":"7","comun":"7.5","maior":"8","quilo":"1"}]}]}
